review_item_id,topic,question,recommended_decision,impact_if_unresolved,priority,decision_status,review_status,package_scope,frontend_status,central_writeback
W2D-PR001,direct_zero_wording,Accept the 36 direct-pair bounded zeros for the wording 'no confirmed direct organization relation in the declared public-record window'?,approve_bounded_wording,"If rejected, retain only 'no confirmed dyad in current typed inputs'.",P0,principal_review_pending,ai_seeded,research_only,not_frontend_ready,no
W2D-PR002,w2a_person_pairs,"Resolve Brooke Epps/Epp, Jen Yapsing/Yapshing, Amber Tracy and Trinicia Kloepper identity pairs.",review_all_four_cross_actor_candidates,Until then they remain within-service candidates and never cross-ecology bridges.,P0,principal_review_pending,ai_seeded,research_only,not_frontend_ready,no
W2D-PR003,a070_aliases,"Are VFP-ROCK, VFP ROC, Ryukyu/Okinawa Chapter Kokusai, Ryukyu-Okinawa Chapter and Chapter 1003 one continuous chapter identity?",review_charter_or_official_roster,Current official resolutions support events/roles but not full lineage.,P0,principal_review_pending,ai_seeded,research_only,not_frontend_ready,no
W2D-PR004,shared_dod_interface,"Approve DoD as a system-interface node with different relation types, outside the six NGO-bridge counts?",approve_separate_interface_layer,Rejecting this removes the node from synthesis but does not alter underlying award/case facts.,P0,principal_confirmed,ai_seeded,research_only,not_frontend_ready,no
W2D-PR005,x018_s1_frame,Should Marine Thrift Shop X018 enter a newly versioned S1 frame?,defer_until_actor_admission_and_frame_version,Current W2-A tracer findings remain usable without changing the confirmatory denominator.,P0,principal_review_pending,ai_seeded,research_only,not_frontend_ready,no
W2D-PR006,person_network_gate,Person-role coverage is asymmetric. Keep W2-D at tracer egonet rather than full-network centrality?,keep_tracer_only,Full person centrality requires a separately approved coverage threshold and dated roles.,P1,principal_review_pending,ai_seeded,research_only,not_frontend_ready,no
W2D-PR007,service_gaps,"Prioritize local/current rosters and financial reports for ARC Okinawa, NMCRS Okinawa and ACGO?",target_x008_x009_x017,These three actors account for the unresolved/not-observable direct-pair rows.,P1,principal_review_pending,ai_seeded,research_only,not_frontend_ready,no
W2D-PR008,recipient_crosswalks,Carry W2-A's six recipient identity/transaction questions into the principal review packet?,yes_preserve_separate_decisions,No recipient bridge or LEG2 strength should be upgraded here.,P1,principal_review_pending,ai_seeded,research_only,not_frontend_ready,no
W2D-PR009,arc_nmcrs_direction,"Approve the directed candidate NMCRS→ARC after-hours service interface, with NMCRS funds and ARC acting on NMCRS's behalf?",review_W2B2_DE028_as_directed_service_interface,"Until approved, keep the edge as official-source-supported candidate and do not call it confirmed service intermediation.",P1,principal_review_pending,ai_seeded,research_only,not_frontend_ready,no
