observation_id,source_layer,source_record_ids,event_or_project_id,event_or_project_name,date_or_period,actor_id,legacy_candidate_id,actor_name,actor_category,origin_type,role,entry_mode,venue_id,venue_label,target_type,target_id_or_name,local_object,place,observation_type,evidence_level,source_refs,review_status,interpretation_limit,venue_resolution
OBS_AEV0001,formal_AEV,AEV0001,EV2010_WWF_67,WWF Japan 67-group Henoko / dugong statement,2010,A003,,ジュゴンネットワーク沖縄,registry_actor,okinawa_local,co_signer_or_participant,advocacy_joint_statement,V002,public_statement_forum,policy_project,Henoko base construction plan,Henoko/Oura Bay base-construction and dugong issue,Henoko; Oura Bay,event_or_role_fact,E3,S003,human_checked,"co-signing is one-off event participation, not stable alliance",
OBS_AEV0002,formal_AEV,AEV0002,EV2010_WWF_67,WWF Japan 67-group Henoko / dugong statement,2010,A005,,WWFジャパン,registry_actor,japan_domestic,co_signer_or_participant,advocacy_joint_statement,V002,public_statement_forum,policy_project,Henoko base construction plan,Henoko/Oura Bay base-construction and dugong issue,Henoko; Oura Bay,event_or_role_fact,E4,S003,human_checked,"co-signing is one-off event participation, not stable alliance",
OBS_AEV0003,formal_AEV,AEV0003,EV2010_WWF_67,WWF Japan 67-group Henoko / dugong statement,2010,A006,,グリーンピース・ジャパン,registry_actor,japan_domestic,co_signer_or_participant,advocacy_joint_statement,V002,public_statement_forum,policy_project,Henoko base construction plan,Henoko/Oura Bay base-construction and dugong issue,Henoko; Oura Bay,event_or_role_fact,E4,S003,human_checked,"co-signing is one-off event participation, not stable alliance",
OBS_AEV0004,formal_AEV,AEV0004,EV2010_WWF_67,WWF Japan 67-group Henoko / dugong statement,2010,A061,,日本野鳥の会,registry_actor,japan_domestic,co_signer_or_participant,advocacy_joint_statement,V002,public_statement_forum,policy_project,Henoko base construction plan,Henoko/Oura Bay base-construction and dugong issue,Henoko; Oura Bay,event_or_role_fact,E4,S003,human_checked,"co-signing is one-off event participation, not stable alliance",
OBS_AEV0005,formal_AEV,AEV0005,EV2010_WWF_67,WWF Japan 67-group Henoko / dugong statement,2010,A062,,日本湿地ネットワーク（JAWAN）,registry_actor,japan_domestic,co_signer_or_participant,advocacy_joint_statement,V002,public_statement_forum,policy_project,Henoko base construction plan,Henoko/Oura Bay base-construction and dugong issue,Henoko; Oura Bay,event_or_role_fact,E4,S003,human_checked,"co-signing is one-off event participation, not stable alliance",
OBS_AEV0006,formal_AEV,AEV0006,EV2015_NACSJ_31,NACSJ / Peace Boat 31-NGO emergency Henoko statement,2015,A004,,日本自然保護協会,registry_actor,japan_domestic,co_signer_or_participant,advocacy_joint_statement,V002,public_statement_forum,policy_project,Henoko base construction plan,Henoko/Oura Bay base-construction and dugong issue,Henoko; Oura Bay,event_or_role_fact,E4,S004,human_checked,"co-signing is one-off event participation, not stable alliance",
OBS_AEV0007,formal_AEV,AEV0007,EV2015_NACSJ_31,NACSJ / Peace Boat 31-NGO emergency Henoko statement,2015,A021,,国際環境NGO FoE Japan,registry_actor,japan_domestic,co_signer_or_participant,advocacy_joint_statement,V002,public_statement_forum,policy_project,Henoko base construction plan,Henoko/Oura Bay base-construction and dugong issue,Henoko; Oura Bay,event_or_role_fact,E4,S004,human_checked,"co-signing is one-off event participation, not stable alliance",
OBS_AEV0008,formal_AEV,AEV0008,EV2015_NACSJ_31,NACSJ / Peace Boat 31-NGO emergency Henoko statement,2015,A022,,NPO法人 ラムサール・ネットワーク日本,registry_actor,japan_domestic,co_signer_or_participant,advocacy_joint_statement,V002,public_statement_forum,policy_project,Henoko base construction plan,Henoko/Oura Bay base-construction and dugong issue,Henoko; Oura Bay,event_or_role_fact,E4,S004,human_checked,"co-signing is one-off event participation, not stable alliance",
OBS_AEV0009,formal_AEV,AEV0009,EV2015_NACSJ_31,NACSJ / Peace Boat 31-NGO emergency Henoko statement,2015,A023,,美ら海にもやんばるにも基地はいらない市民の会,registry_actor,okinawa_local,co_signer_or_participant,advocacy_joint_statement,V002,public_statement_forum,policy_project,Henoko base construction plan,Henoko/Oura Bay base-construction and dugong issue,Henoko; Oura Bay,event_or_role_fact,E4,S004,human_checked,"co-signing is one-off event participation, not stable alliance",
OBS_AEV0010,formal_AEV,AEV0010,EV2015_NACSJ_31,NACSJ / Peace Boat 31-NGO emergency Henoko statement,2015,A024,,辺野古リレー,registry_actor,okinawa_local,co_signer_or_participant,advocacy_joint_statement,V002,public_statement_forum,policy_project,Henoko base construction plan,Henoko/Oura Bay base-construction and dugong issue,Henoko; Oura Bay,event_or_role_fact,E4,S004,human_checked,"co-signing is one-off event participation, not stable alliance",
OBS_AEV0011,formal_AEV,AEV0011,EV2015_NACSJ_31,NACSJ / Peace Boat 31-NGO emergency Henoko statement,2015,A025,,辺野古への基地建設を許さない実行委員会,registry_actor,okinawa_local,co_signer_or_participant,advocacy_joint_statement,V002,public_statement_forum,policy_project,Henoko base construction plan,Henoko/Oura Bay base-construction and dugong issue,Henoko; Oura Bay,event_or_role_fact,E4,S004,human_checked,"co-signing is one-off event participation, not stable alliance",
OBS_AEV0012,formal_AEV,AEV0012,EV2015_NACSJ_31,NACSJ / Peace Boat 31-NGO emergency Henoko statement,2015,A026,,ピース・ニュース,registry_actor,japan_domestic,co_signer_or_participant,advocacy_joint_statement,V002,public_statement_forum,policy_project,Henoko base construction plan,Henoko/Oura Bay base-construction and dugong issue,Henoko; Oura Bay,event_or_role_fact,E4,S004,human_checked,"co-signing is one-off event participation, not stable alliance",
OBS_AEV0013,formal_AEV,AEV0013,EV2015_NACSJ_31,NACSJ / Peace Boat 31-NGO emergency Henoko statement,2015,A027,,公共事業改革市民会議,registry_actor,japan_domestic,co_signer_or_participant,advocacy_joint_statement,V002,public_statement_forum,policy_project,Henoko base construction plan,Henoko/Oura Bay base-construction and dugong issue,Henoko; Oura Bay,event_or_role_fact,E4,S004,human_checked,"co-signing is one-off event participation, not stable alliance",
OBS_AEV0014,formal_AEV,AEV0014,EV2015_NACSJ_31,NACSJ / Peace Boat 31-NGO emergency Henoko statement,2015,A028,,沖縄のための日米市民ネットワーク（JUCON）,registry_actor,mixed_or_network,co_signer_or_participant,advocacy_joint_statement,V002,public_statement_forum,policy_project,Henoko base construction plan,Henoko/Oura Bay base-construction and dugong issue,Henoko; Oura Bay,event_or_role_fact,E4,S004,human_checked,"co-signing is one-off event participation, not stable alliance",
OBS_AEV0015,formal_AEV,AEV0015,EV2015_NACSJ_31,NACSJ / Peace Boat 31-NGO emergency Henoko statement,2015,A029,,沖縄・生物多様性市民ネットワーク,registry_actor,okinawa_local,co_signer_or_participant,advocacy_joint_statement,V002,public_statement_forum,policy_project,Henoko base construction plan,Henoko/Oura Bay base-construction and dugong issue,Henoko; Oura Bay,event_or_role_fact,E4,S004,human_checked,"co-signing is one-off event participation, not stable alliance",
OBS_AEV0016,formal_AEV,AEV0016,EV2015_NACSJ_31,NACSJ / Peace Boat 31-NGO emergency Henoko statement,2015,A030,,市川三番瀬を守る会,registry_actor,japan_domestic,co_signer_or_participant,advocacy_joint_statement,V002,public_statement_forum,policy_project,Henoko base construction plan,Henoko/Oura Bay base-construction and dugong issue,Henoko; Oura Bay,event_or_role_fact,E4,S004,human_checked,"co-signing is one-off event participation, not stable alliance",
OBS_AEV0017,formal_AEV,AEV0017,EV2015_NACSJ_31,NACSJ / Peace Boat 31-NGO emergency Henoko statement,2015,A031,,三番瀬のラムサール条約登録を実現する会,registry_actor,japan_domestic,co_signer_or_participant,advocacy_joint_statement,V002,public_statement_forum,policy_project,Henoko base construction plan,Henoko/Oura Bay base-construction and dugong issue,Henoko; Oura Bay,event_or_role_fact,E4,S004,human_checked,"co-signing is one-off event participation, not stable alliance",
OBS_AEV0018,formal_AEV,AEV0018,EV2015_NACSJ_31,NACSJ / Peace Boat 31-NGO emergency Henoko statement,2015,A032,,Peace Philosophy Centre,registry_actor,international,co_signer_or_participant,advocacy_joint_statement,V002,public_statement_forum,policy_project,Henoko base construction plan,Henoko/Oura Bay base-construction and dugong issue,Henoko; Oura Bay,event_or_role_fact,E4,S004,human_checked,"co-signing is one-off event participation, not stable alliance",
OBS_AEV0019,formal_AEV,AEV0019,EV2015_NACSJ_31,NACSJ / Peace Boat 31-NGO emergency Henoko statement,2015,A033,,Friends of the Earth U.S.,registry_actor,us_origin,co_signer_or_participant,advocacy_joint_statement,V002,public_statement_forum,policy_project,Henoko base construction plan,Henoko/Oura Bay base-construction and dugong issue,Henoko; Oura Bay,event_or_role_fact,E4,S004,human_checked,"co-signing is one-off event participation, not stable alliance",
OBS_AEV0020,formal_AEV,AEV0020,EV2015_NACSJ_31,NACSJ / Peace Boat 31-NGO emergency Henoko statement,2015,A034,,Korea Federation for Environmental Movements (KFEM),registry_actor,international,co_signer_or_participant,advocacy_joint_statement,V002,public_statement_forum,policy_project,Henoko base construction plan,Henoko/Oura Bay base-construction and dugong issue,Henoko; Oura Bay,event_or_role_fact,E4,S004,human_checked,"co-signing is one-off event participation, not stable alliance",
OBS_AEV0021,formal_AEV,AEV0021,EV2015_NACSJ_31,NACSJ / Peace Boat 31-NGO emergency Henoko statement,2015,A035,,Russian Social Ecological Union,registry_actor,international,co_signer_or_participant,advocacy_joint_statement,V002,public_statement_forum,policy_project,Henoko base construction plan,Henoko/Oura Bay base-construction and dugong issue,Henoko; Oura Bay,event_or_role_fact,E4,S004,human_checked,"co-signing is one-off event participation, not stable alliance",
OBS_AEV0022,formal_AEV,AEV0022,EV2015_NACSJ_31,NACSJ / Peace Boat 31-NGO emergency Henoko statement,2015,A036,,Friends of the Siberian Forests,registry_actor,international,co_signer_or_participant,advocacy_joint_statement,V002,public_statement_forum,policy_project,Henoko base construction plan,Henoko/Oura Bay base-construction and dugong issue,Henoko; Oura Bay,event_or_role_fact,E4,S004,human_checked,"co-signing is one-off event participation, not stable alliance",
OBS_AEV0023,formal_AEV,AEV0023,EV2015_NACSJ_31,NACSJ / Peace Boat 31-NGO emergency Henoko statement,2015,A037,,Centre for Environmental Justice,registry_actor,international,co_signer_or_participant,advocacy_joint_statement,V002,public_statement_forum,policy_project,Henoko base construction plan,Henoko/Oura Bay base-construction and dugong issue,Henoko; Oura Bay,event_or_role_fact,E4,S004,human_checked,"co-signing is one-off event participation, not stable alliance",
OBS_AEV0024,formal_AEV,AEV0024,EV2015_NACSJ_31,NACSJ / Peace Boat 31-NGO emergency Henoko statement,2015,A038,,Sahabat Alam Malaysia,registry_actor,international,co_signer_or_participant,advocacy_joint_statement,V002,public_statement_forum,policy_project,Henoko base construction plan,Henoko/Oura Bay base-construction and dugong issue,Henoko; Oura Bay,event_or_role_fact,E4,S004,human_checked,"co-signing is one-off event participation, not stable alliance",
OBS_AEV0025,formal_AEV,AEV0025,EV2015_NACSJ_31,NACSJ / Peace Boat 31-NGO emergency Henoko statement,2015,A039,,The Legal Rights and Natural Resources Center-Kasama sa Kalikasan,registry_actor,international,co_signer_or_participant,advocacy_joint_statement,V002,public_statement_forum,policy_project,Henoko base construction plan,Henoko/Oura Bay base-construction and dugong issue,Henoko; Oura Bay,event_or_role_fact,E4,S004,human_checked,"co-signing is one-off event participation, not stable alliance",
OBS_AEV0026,formal_AEV,AEV0026,EV2015_NACSJ_31,NACSJ / Peace Boat 31-NGO emergency Henoko statement,2015,A040,,Forum for Protection of Public Interest (Pro Public),registry_actor,international,co_signer_or_participant,advocacy_joint_statement,V002,public_statement_forum,policy_project,Henoko base construction plan,Henoko/Oura Bay base-construction and dugong issue,Henoko; Oura Bay,event_or_role_fact,E4,S004,human_checked,"co-signing is one-off event participation, not stable alliance",
OBS_AEV0027,formal_AEV,AEV0027,EV2015_NACSJ_31,NACSJ / Peace Boat 31-NGO emergency Henoko statement,2015,A041,,Friends of the Earth Brisbane,registry_actor,international,co_signer_or_participant,advocacy_joint_statement,V002,public_statement_forum,policy_project,Henoko base construction plan,Henoko/Oura Bay base-construction and dugong issue,Henoko; Oura Bay,event_or_role_fact,E4,S004,human_checked,"co-signing is one-off event participation, not stable alliance",
OBS_AEV0028,formal_AEV,AEV0028,EV2015_NACSJ_31,NACSJ / Peace Boat 31-NGO emergency Henoko statement,2015,A042,,Pacific Environment,registry_actor,us_origin,co_signer_or_participant,advocacy_joint_statement,V002,public_statement_forum,policy_project,Henoko base construction plan,Henoko/Oura Bay base-construction and dugong issue,Henoko; Oura Bay,event_or_role_fact,E4,S004,human_checked,"co-signing is one-off event participation, not stable alliance",
OBS_AEV0029,formal_AEV,AEV0029,EV2015_NACSJ_31,NACSJ / Peace Boat 31-NGO emergency Henoko statement,2015,A043,,PENGON-FoE Palestine,registry_actor,international,co_signer_or_participant,advocacy_joint_statement,V002,public_statement_forum,policy_project,Henoko base construction plan,Henoko/Oura Bay base-construction and dugong issue,Henoko; Oura Bay,event_or_role_fact,E4,S004,human_checked,"co-signing is one-off event participation, not stable alliance",
OBS_AEV0030,formal_AEV,AEV0030,EV2015_NACSJ_31,NACSJ / Peace Boat 31-NGO emergency Henoko statement,2015,A044,,Naturvernforbundet / Norwegian Society for the Conservation of Nature,registry_actor,international,co_signer_or_participant,advocacy_joint_statement,V002,public_statement_forum,policy_project,Henoko base construction plan,Henoko/Oura Bay base-construction and dugong issue,Henoko; Oura Bay,event_or_role_fact,E4,S004,human_checked,"co-signing is one-off event participation, not stable alliance",
OBS_AEV0031,formal_AEV,AEV0031,EV2015_NACSJ_31,NACSJ / Peace Boat 31-NGO emergency Henoko statement,2015,A045,,Center for Biological Diversity,registry_actor,us_origin,co_signer_or_participant,advocacy_joint_statement,V002,public_statement_forum,policy_project,Henoko base construction plan,Henoko/Oura Bay base-construction and dugong issue,Henoko; Oura Bay,event_or_role_fact,E4,S004,human_checked,"co-signing is one-off event participation, not stable alliance",
OBS_AEV0032,formal_AEV,AEV0032,EV2015_NACSJ_31,NACSJ / Peace Boat 31-NGO emergency Henoko statement,2015,A046,,Pro Natura,registry_actor,international,co_signer_or_participant,advocacy_joint_statement,V002,public_statement_forum,policy_project,Henoko base construction plan,Henoko/Oura Bay base-construction and dugong issue,Henoko; Oura Bay,event_or_role_fact,E4,S004,human_checked,"co-signing is one-off event participation, not stable alliance",
OBS_AEV0033,formal_AEV,AEV0033,EV2015_NACSJ_31,NACSJ / Peace Boat 31-NGO emergency Henoko statement,2015,A061,,日本野鳥の会,registry_actor,japan_domestic,co_signer_or_participant,advocacy_joint_statement,V002,public_statement_forum,policy_project,Henoko base construction plan,Henoko/Oura Bay base-construction and dugong issue,Henoko; Oura Bay,event_or_role_fact,E4,S004,human_checked,"co-signing is one-off event participation, not stable alliance",
OBS_AEV0034,formal_AEV,AEV0034,EV2020_OEJP_MMC_71,OEJP / MMC civil-society request and report,2020,A001,,Okinawa Environmental Justice Project,registry_actor,mixed_or_network,co_signer_or_participant,international_institution_request,V004,us_federal_advisory_or_scientific_body,institution,U.S. Marine Mammal Commission,Henoko/Oura Bay base-construction and dugong issue,Henoko; Oura Bay,event_or_role_fact,E4,S006,human_checked,"co-signing is one-off event participation, not stable alliance",
OBS_AEV0035,formal_AEV,AEV0035,EV2020_OEJP_MMC_71,OEJP / MMC civil-society request and report,2020,A020,,日本環境法律家連盟（JELF）,registry_actor,japan_domestic,co_signer_or_participant,international_institution_request,V004,us_federal_advisory_or_scientific_body,institution,U.S. Marine Mammal Commission,Henoko/Oura Bay base-construction and dugong issue,Henoko; Oura Bay,event_or_role_fact,E4,S006,human_checked,"co-signing is one-off event participation, not stable alliance",
OBS_AEV0036,formal_AEV,AEV0036,EV2020_OEJP_MMC_71,OEJP / MMC civil-society request and report,2020,,A077,Diving Team Rainbow,unverified_event_participant,unverified_or_not_applicable,co_signer_or_participant,international_institution_request,V004,us_federal_advisory_or_scientific_body,institution,U.S. Marine Mammal Commission,Henoko/Oura Bay base-construction and dugong issue,Henoko; Oura Bay,event_or_role_fact,E2,S006,human_checked,"E2 signatory-only evidence: one-off public participation only; do not infer organizational continuity, a stable alliance, or a definite conclusion.",
OBS_AEV0037,formal_AEV,AEV0037,EV2020_OEJP_MMC_71,OEJP / MMC civil-society request and report,2020,,A078,Dugong no Sato,unverified_event_participant,unverified_or_not_applicable,co_signer_or_participant,international_institution_request,V004,us_federal_advisory_or_scientific_body,institution,U.S. Marine Mammal Commission,Henoko/Oura Bay base-construction and dugong issue,Henoko; Oura Bay,event_or_role_fact,E2,S006,human_checked,"E2 signatory-only evidence: one-off public participation only; do not infer organizational continuity, a stable alliance, or a definite conclusion.",
OBS_AEV0038,formal_AEV,AEV0038,EV2020_OEJP_MMC_71,OEJP / MMC civil-society request and report,2020,,A079,Okinawa Reefcheck and Research Group,unverified_event_participant,unverified_or_not_applicable,co_signer_or_participant,international_institution_request,V004,us_federal_advisory_or_scientific_body,institution,U.S. Marine Mammal Commission,Henoko/Oura Bay base-construction and dugong issue,Henoko; Oura Bay,event_or_role_fact,E2,S006,human_checked,"E2 signatory-only evidence: one-off public participation only; do not infer organizational continuity, a stable alliance, or a definite conclusion.",
OBS_AEV0039,formal_AEV,AEV0039,EV2020_OEJP_MMC_71,OEJP / MMC civil-society request and report,2020,,A080,Okumagawa Basin Protection Foundation,unverified_event_participant,unverified_or_not_applicable,co_signer_or_participant,international_institution_request,V004,us_federal_advisory_or_scientific_body,institution,U.S. Marine Mammal Commission,Henoko/Oura Bay base-construction and dugong issue,Henoko; Oura Bay,event_or_role_fact,E2,S006,human_checked,"E2 signatory-only evidence: one-off public participation only; do not infer organizational continuity, a stable alliance, or a definite conclusion.",
OBS_AEV0040,formal_AEV,AEV0040,EV2020_OEJP_MMC_71,OEJP / MMC civil-society request and report,2020,,A081,Protect Northernmost Dugong Team Zan,unverified_event_participant,unverified_or_not_applicable,co_signer_or_participant,international_institution_request,V004,us_federal_advisory_or_scientific_body,institution,U.S. Marine Mammal Commission,Henoko/Oura Bay base-construction and dugong issue,Henoko; Oura Bay,event_or_role_fact,E2,S006,human_checked,"E2 signatory-only evidence: one-off public participation only; do not infer organizational continuity, a stable alliance, or a definite conclusion.",
OBS_AEV0041,formal_AEV,AEV0041,EV2020_OEJP_MMC_71,OEJP / MMC civil-society request and report,2020,,A082,East Asian Community Institute Ryukyu Okinawa Center,unverified_event_participant,unverified_or_not_applicable,co_signer_or_participant,international_institution_request,V004,us_federal_advisory_or_scientific_body,institution,U.S. Marine Mammal Commission,Henoko/Oura Bay base-construction and dugong issue,Henoko; Oura Bay,event_or_role_fact,E2,S006,human_checked,"E2 signatory-only evidence: one-off public participation only; do not infer organizational continuity, a stable alliance, or a definite conclusion.",
OBS_AEV0042,formal_AEV,AEV0042,EV2020_OEJP_MMC_71,OEJP / MMC civil-society request and report,2020,,A083,Henoko Blue,unverified_event_participant,unverified_or_not_applicable,co_signer_or_participant,international_institution_request,V004,us_federal_advisory_or_scientific_body,institution,U.S. Marine Mammal Commission,Henoko/Oura Bay base-construction and dugong issue,Henoko; Oura Bay,event_or_role_fact,E2,S006,human_checked,"E2 signatory-only evidence: one-off public participation only; do not infer organizational continuity, a stable alliance, or a definite conclusion.",
OBS_AEV0043,formal_AEV,AEV0043,EV2020_OEJP_MMC_71,OEJP / MMC civil-society request and report,2020,,A084,Nago Democracy,unverified_event_participant,unverified_or_not_applicable,co_signer_or_participant,international_institution_request,V004,us_federal_advisory_or_scientific_body,institution,U.S. Marine Mammal Commission,Henoko/Oura Bay base-construction and dugong issue,Henoko; Oura Bay,event_or_role_fact,E2,S006,human_checked,"E2 signatory-only evidence: one-off public participation only; do not infer organizational continuity, a stable alliance, or a definite conclusion.",
OBS_AEV0044,formal_AEV,AEV0044,EV2020_OEJP_MMC_71,OEJP / MMC civil-society request and report,2020,,A085,No Heliport Base Association of 10 Districts North of Futamai,unverified_event_participant,unverified_or_not_applicable,co_signer_or_participant,international_institution_request,V004,us_federal_advisory_or_scientific_body,institution,U.S. Marine Mammal Commission,Henoko/Oura Bay base-construction and dugong issue,Henoko; Oura Bay,event_or_role_fact,E2,S006,human_checked,"E2 signatory-only evidence: one-off public participation only; do not infer organizational continuity, a stable alliance, or a definite conclusion.",
OBS_AEV0050,formal_AEV,AEV0050,EV2019_PREF_REFERENDUM,2019 Henoko prefectural referendum,2019,A051,,「辺野古」県民投票の会,registry_actor,okinawa_local,referendum_initiator,local_democratic_procedure,V007,prefectural_referendum,referendum_question,Henoko reclamation and base-construction question,Henoko reclamation and base-construction question,Nago; Okinawa,event_or_role_fact,E4,S025,human_checked,Human-checked referendum-initiator role for this specific process only; do not infer a stable alliance or wider political causation.,
OBS_AEV0051,formal_AEV,AEV0051,EV1997_NAGO_REFERENDUM,1997 Nago city referendum,1997,A068,,名護市民投票の会,registry_actor,okinawa_local,referendum_initiator,local_democratic_procedure,V008,municipal_referendum,referendum_question,Nago base-relocation referendum question,Nago base-relocation referendum question,Nago; Okinawa,event_or_role_fact,E3,S042,human_checked,Human-checked referendum-initiator role for this specific process only; do not infer a stable alliance or wider political causation.,
OBS_AEV0052,formal_AEV,AEV0052,EV_ISHIGAKI_REFERENDUM,Ishigaki referendum drive (2018-2019),2019,A011,,石垣市住民投票を求める会,registry_actor,okinawa_local,referendum_initiator,local_democratic_procedure,V008,municipal_referendum,municipal_process,Ishigaki referendum ordinance and JSDF-deployment question,Ishigaki referendum ordinance and JSDF-deployment question,Ishigaki,event_or_role_fact,E4,S018,human_checked,Human-checked referendum-initiator role for this specific process only; do not infer a stable alliance or wider political causation.,
OBS_AEV0053,formal_AEV,AEV0053,EV2015_YONAGUNI_REFERENDUM,2015 Yonaguni SDF-deployment referendum,2015,A014,,住民投票を成功させるための実行委員会,registry_actor,okinawa_local,referendum_committee,local_democratic_procedure,V008,municipal_referendum,referendum_question,Yonaguni JSDF-deployment question,Yonaguni JSDF-deployment question,Yonaguni,event_or_role_fact,E2,S069,human_checked,E2 event-context evidence only: organization identity and continuity remain unresolved pending local retrieval; do not use as a definite conclusion.,
OBS_AEV0054,formal_AEV,AEV0054,EV2012_YONAGUNI_OPINION_AD,2012 Yonaguni anti-deployment opinion ad,2012,A015,,与那国自衛隊配備反対意見広告実行委員会,registry_actor,okinawa_local,opinion_ad_committee,public_opinion_advocacy,V009,newspaper_or_public_opinion_ad,public_opinion,Public opinion on Yonaguni JSDF deployment,Public opinion on Yonaguni JSDF deployment,Yonaguni,event_or_role_fact,E2,S015,human_checked,E2 event-context evidence only: organization identity and continuity remain unresolved pending local retrieval; do not use as a definite conclusion.,
OBS_AEV0055,formal_AEV,AEV0055,EV2003_DUGONG_LAWSUIT,Okinawa Dugong v. Rumsfeld NHPA lawsuit (C 03-4350 MHP),2003,,,Anna Shimabukuro,individual,unverified_or_not_applicable,named_plaintiff_individual,international_legal,V005,us_federal_court,defendant_institution,U.S. Department of Defense,Henoko/Oura Bay base-construction and dugong issue,Henoko; Oura Bay,event_or_role_fact,E4,S060,human_checked,"Human-checked case role only; keep named plaintiff, individual, counsel, defendant, and non-party roles distinct.",
OBS_AEV0056,formal_AEV,AEV0056,EV2003_DUGONG_LAWSUIT,Okinawa Dugong v. Rumsfeld NHPA lawsuit (C 03-4350 MHP),2003,,,東恩納琢磨（Takuma Higashionna）,individual,unverified_or_not_applicable,named_plaintiff_individual,international_legal,V005,us_federal_court,defendant_institution,U.S. Department of Defense,Henoko/Oura Bay base-construction and dugong issue,Henoko; Oura Bay,event_or_role_fact,E4,S060,human_checked,"Human-checked case role only; keep named plaintiff, individual, counsel, defendant, and non-party roles distinct.",
OBS_AEV0057,formal_AEV,AEV0057,EV2003_DUGONG_LAWSUIT,Okinawa Dugong v. Rumsfeld NHPA lawsuit (C 03-4350 MHP),2003,,,真喜志好一（Yoshikazu Makishi）,individual,unverified_or_not_applicable,named_plaintiff_individual,international_legal,V005,us_federal_court,defendant_institution,U.S. Department of Defense,Henoko/Oura Bay base-construction and dugong issue,Henoko; Oura Bay,event_or_role_fact,E4,S060,human_checked,"Human-checked case role only; keep named plaintiff, individual, counsel, defendant, and non-party roles distinct.",
OBS_AEV0058,formal_AEV,AEV0058,EV2003_DUGONG_LAWSUIT,Okinawa Dugong v. Rumsfeld NHPA lawsuit (C 03-4350 MHP),2003,DoD_US,,U.S. Department of Defense,institution,unverified_or_not_applicable,defendant,international_legal,V005,us_federal_court,defendant_institution,U.S. Department of Defense,Henoko/Oura Bay base-construction and dugong issue,Henoko; Oura Bay,event_or_role_fact,E4,S093,human_checked,"Human-checked case role only; keep named plaintiff, individual, counsel, defendant, and non-party roles distinct.",
OBS_AEV0065,formal_AEV,AEV0065,EV2024_WOMEN_ANTI_VIOLENCE_RALLY,2024 prefectural rally against U.S. military sexual violence,2024,A111,C011,沖縄県女性団体連絡協議会,registry_actor,okinawa_local,organizer_or_convener,public_civic_mobilization,V015,public_policy_meeting_or_forum,government_accountability,Japan and U.S. governments / prevention and accountability policy,Japan and U.S. governments / prevention and accountability policy,Okinawa,event_or_role_fact,E4,S200,human_checked,Event-level organizing only; co-participation does not establish stable alliance ties.,
OBS_AEV0066,formal_AEV,AEV0066,EV2023_PREFECTURAL_PEACE_RALLY,2023 Okinawa prefectural peace mass rally,2023,A108,C012,沖縄を再び戦場にさせない県民の会,registry_actor,okinawa_local,organizer_or_convener,public_civic_mobilization,V015,public_policy_meeting_or_forum,policy_project,Japanese government's Southwest shift and military/base buildup in Okinawa,Japanese government's Southwest shift and military/base buildup in Okinawa,Okinawa,event_or_role_fact,E4,S147,human_checked,Event-level organizing only; attendance or co-participation does not establish membership a stable alliance or policy effect.,
OBS_R8R001,R8_human_checked_role,R8R001,R8C01,Okinawa Dugong v. Rumsfeld / Center for Biological Diversity v. Esper,2003-09-25–2020-05-06,A045,,Center for Biological Diversity,registered_actor,us_origin,plaintiff,international_legal,V005,us_federal_court,defendant_institution,U.S. Department of Defense,Henoko/Oura Bay base-construction and dugong issue,Henoko; Oura Bay,case_specific_legal_role_fact,E4,S128;S129,human_checked,Party role is case-specific and does not by itself prove a stable alliance.,
OBS_R8R002,R8_human_checked_role,R8R002,R8C01,Okinawa Dugong v. Rumsfeld / Center for Biological Diversity v. Esper,2003-09-25–2020-05-06,A086,,Turtle Island Restoration Network,registered_actor,us_origin,plaintiff,international_legal,V005,us_federal_court,defendant_institution,U.S. Department of Defense,Henoko/Oura Bay base-construction and dugong issue,Henoko; Oura Bay,case_specific_legal_role_fact,E4,S128,human_checked,Party role is case-specific.,
OBS_R8R003,R8_human_checked_role,R8R003,R8C01,Okinawa Dugong v. Rumsfeld / Center for Biological Diversity v. Esper,2003-09-25–2020-05-06,A020,,日本環境法律家連盟（JELF）,registered_actor,japan_domestic,plaintiff,international_legal,V005,us_federal_court,defendant_institution,U.S. Department of Defense,Henoko/Oura Bay base-construction and dugong issue,Henoko; Oura Bay,case_specific_legal_role_fact,E4,S128;S062,human_checked,"HR-014: A020 is a named plaintiff in this Dugong case, not counsel. This case-specific plaintiff role does not transfer to Awase or other litigation.",
OBS_R8R004,R8_human_checked_role,R8R004,R8C01,Okinawa Dugong v. Rumsfeld / Center for Biological Diversity v. Esper,2003-09-25–2020-05-06,A076,,ジュゴン保護基金委員会（Save the Dugong Foundation）,registered_actor,okinawa_local,plaintiff,international_legal,V005,us_federal_court,defendant_institution,U.S. Department of Defense,Henoko/Oura Bay base-construction and dugong issue,Henoko; Oura Bay,case_specific_legal_role_fact,E4,S128;S062,human_checked,Distinct from A002 SDCC.,
OBS_R8R005,R8_human_checked_role,R8R005,R8C01,Okinawa Dugong v. Rumsfeld / Center for Biological Diversity v. Esper,2003-09-25–2020-05-06,A009,,Earthjustice,registered_actor,us_origin,counsel,international_legal,V005,us_federal_court,defendant_institution,U.S. Department of Defense,Henoko/Oura Bay base-construction and dugong issue,Henoko; Oura Bay,case_specific_legal_role_fact,E4,S062,human_checked,HR-014: Earthjustice is counsel in this case and is not a named plaintiff.,
OBS_R8R006,R8_human_checked_role,R8R006,R8C01,Okinawa Dugong v. Rumsfeld / Center for Biological Diversity v. Esper,2003-09-25–2020-05-06,A002,,ジュゴン保護キャンペーンセンター（SDCC）,registered_actor,japan_domestic,non_party,international_legal,V005,us_federal_court,defendant_institution,U.S. Department of Defense,Henoko/Oura Bay base-construction and dugong issue,Henoko; Oura Bay,case_specific_legal_role_fact,E4,S128;S062,human_checked,HR-014: A002 remains a non-party here. The negative role prevents a false plaintiff label and does not deny advocacy outside the case.,
OBS_R8R007,R8_human_checked_role,R8R007,R8C01,Okinawa Dugong v. Rumsfeld / Center for Biological Diversity v. Esper,2003-09-25–2020-05-06,A019,,ヘリ基地反対協議会,registered_actor,okinawa_local,non_party,international_legal,V005,us_federal_court,defendant_institution,U.S. Department of Defense,Henoko/Oura Bay base-construction and dugong issue,Henoko; Oura Bay,case_specific_legal_role_fact,E3,S093;S128,human_checked,HR-014: A019 remains a non-party. An associated individual's personal role must not be transferred to the organization.,
OBS_R10R017,R10_human_reviewed_relation,R10R017,R10R017,国际协力 festival 协作,,X010,,沖縄NGOセンター,registered_actor,okinawa_local,event_collaboration,administrative_event_collaboration,V015,JICA/international-cooperation event,registered_actor,JICA沖縄,JICA沖縄,Okinawa international-cooperation field,human_reviewed_function_or_resource_relation,E4,S095,human_checked,共同参与活动不是资金关系或稳定联盟。,controlled_venue
OBS_R10R019,R10_human_reviewed_relation,R10R019,R10R019,USO Okinawa 长期企业伙伴,2026,X003,,American Engineering Corporation (AEC),registered_actor,corporate,sponsorship,service_sponsorship,V016,USO/base-community service venue,registered_actor,USO Okinawa,USO Okinawa,Camp Schwab / USO Okinawa,human_reviewed_function_or_resource_relation,E4,S097;S098,human_checked,赞助与捐赠可确认；不据此推断企业或 USO 的基地政策立场。,controlled_venue
OBS_R10R022,R10_human_reviewed_relation,R10R022,R10R022,OESC 向 USO Okinawa 捐赠,2025,X007,,Okinawa Enlisted Spouses' Club (OESC),registered_actor,us_origin,donation,charitable_donation,V016,USO/base-community service venue,registered_actor,USO Okinawa,USO Okinawa,Okinawa base-community service field,human_reviewed_function_or_resource_relation,E4,S053,human_checked,直接慈善捐赠，不代表政治立场或运动关系。,controlled_venue
OBS_R10R023,R10_human_reviewed_relation,R10R023,R10R023,USO Kinser kitchen refresh,,X004,,American Welfare & Works Association (AWWA),registered_actor,us_origin,grant,charitable_grant,V016,USO/base-community service venue,registered_actor,USO Okinawa,USO Okinawa,Okinawa base-community service field,human_reviewed_function_or_resource_relation,E3,S077,human_checked,只确认这项 grant，不外推完整年度 recipient 网络。,controlled_venue
OBS_R10R024,R10_human_reviewed_relation,R10R024,R10R024,AWWA umbrella membership,,X004,,AWWA,registered_actor,us_origin,network_membership,service_network_coordination,,,registered_actor,NOSCO,NOSCO,Okinawa base-community service field,human_reviewed_function_or_resource_relation,E4,S041;S055;S072,human_revised,成员关系不构成资助。,no_applicable_venue
OBS_R10R025,R10_human_reviewed_relation,R10R025,R10R025,AWWA umbrella membership,,X004,,AWWA,registered_actor,us_origin,network_membership,service_network_coordination,,,registered_actor,KOSC,KOSC,Okinawa base-community service field,human_reviewed_function_or_resource_relation,E4,S041;S055;S072;S075,human_revised,成员关系不构成资助。,no_applicable_venue
OBS_R10R026,R10_human_reviewed_relation,R10R026,R10R026,AWWA umbrella membership,,X004,,AWWA,registered_actor,us_origin,network_membership,service_network_coordination,,,registered_actor,OESC,OESC,Okinawa base-community service field,human_reviewed_function_or_resource_relation,E4,S041;S055,human_revised,成员关系不构成资助。,no_applicable_venue
OBS_R10R027,R10_human_reviewed_relation,R10R027,R10R027,AWWA umbrella membership,,X004,,AWWA,registered_actor,us_origin,network_membership,service_network_coordination,,,registered_actor,MOSCO,MOSCO,Okinawa base-community service field,human_reviewed_function_or_resource_relation,E4,S041;S055;S079,human_revised,成员关系不构成资助。,no_applicable_venue
OBS_R10R035,R10_human_reviewed_relation,R10R035,R10R035,Okinawa Youth Council Program NOFO,2024,X013,,U.S. Consulate General Naha Okinawa Youth Council Program,registered_program_actor,us_origin,grant_opportunity,public_diplomacy_opportunity,,,unknown_recipient,未公开 recipient,未公开 recipient,Okinawa public-diplomacy field,human_reviewed_function_or_resource_relation,E4,S056;S082;S083;S084,human_checked,不得写成已拨款、已有 recipient 或与 TOFU 项目相同。,no_applicable_venue
OBS_R10R001,R10_human_reviewed_relation,R10R001,R10R001,JICA教師海外研修（九州・沖縄）,2019,X011,,JICA沖縄,public_institution_partner,public_institution,commission,administrative_commission,V011,JICA commissioned-program venue,registered_actor,沖縄NGOセンター,Okinawa NGO Center (ONC),Okinawa international-cooperation field,human_reviewed_function_or_resource_relation,E4,S100,human_checked,无公开合同金额；不写资金规模,controlled_venue
OBS_R10R004,R10_human_reviewed_relation,R10R004,R10R004,Koza International Plaza 管理运营,2024,PUB_OKINAWA_CITY,,冲绳市,public_authority_provisional,public_institution,commission,administrative_commission,V010,Okinawa City public-facility commission,registered_actor,沖縄NGOセンター,Koza International Plaza / ONC,Koza/Okinawa City,human_reviewed_function_or_resource_relation,E4,R10S07;S099;R10S09;R10S10,human_checked,18.858m 是总事业费；2.196m recipient 未在该支路点名；16.040m 是组织侧事业费,controlled_venue
OBS_R10R005,R10_human_reviewed_relation,R10R005,R10R005,多文化共生社会の構築に関する万国津梁会議运营支援,2024,PUB_OKINAWA_PREF,,冲绳县,public_authority_provisional,public_institution,commission,administrative_commission_and_secretariat,V010,Okinawa Prefecture multicultural-policy venue,registered_actor,沖縄NGOセンター,multicultural meeting support / ONC,Okinawa Prefecture,human_reviewed_function_or_resource_relation,E4,S002;S099;R10S08;R10S12,human_checked,5.140m 与 5.530234m 都不是合同／付款额；两种期间口径分别保留,controlled_venue
OBS_R10R006,R10_human_reviewed_relation,R10R006,R10R006,NGO相談員（外務省委託）,2024,PUB_MOFA,,外务省,public_authority_provisional,public_institution,commission,administrative_commission,V011,MOFA NGO consultation commission,registered_actor,沖縄NGOセンター,ONC FY2024 NGO consultation,Okinawa/Japan,human_reviewed_function_or_resource_relation,E4,S099,human_checked,2.894630m 仅为组织侧事业分类成本,controlled_venue
OBS_R10R007,R10_human_reviewed_relation,R10R007,R10R007,令和8年度 NGO相談員,2026,PUB_MOFA,,外务省,public_authority_provisional,public_institution,designated_role,annual_designated_public_service_role,V011,MOFA annual designation list,registered_actor,沖縄NGOセンター,ONC FY2026 annual designated role,Okinawa/Japan,human_reviewed_function_or_resource_relation,E4,S101,human_checked,名单不含金额，也不证明 recipient 网络,controlled_venue
OBS_R10R008,R10_human_reviewed_relation,R10R008,R10R008,在冲美军基地问题研讨会举办业务,2024,PUB_OKINAWA_PREF,,冲绳县,public_authority_provisional,public_institution,commission,proposal_selected_public_contract,V010,Okinawa Prefecture advocacy-administration boundary,registered_actor,新外交イニシアティブ（ND）,base-policy symposium commission / A066,Okinawa Prefecture,human_reviewed_function_or_resource_relation,E4,S002;R10S11;R10S12,human_checked,12.843m 是取整项目费；不是 grant、政治支持或运动资金,controlled_venue
OBS_R10R018,R10_human_reviewed_relation,R10R018,R10R018,USO Okinawa 基地社区服务,,X001,,USO Okinawa,registered_actor,us_origin,service_presence,service_presence,V016,USO/base-community service venue,beneficiary_group,美军现役人员、预备役/国民警卫队、配偶及家属,eligible U.S. military community,Okinawa bases,human_reviewed_function_or_resource_relation,E4,S097,human_checked,不生成资金、政治立场或八条组织关系,controlled_venue
OBS_R10R020,R10_human_reviewed_relation,R10R020,R10R020,USO Okinawa sponsor tier,,P_R10_MBC,,"Mediatti Broadband Communications, Inc. (MBC Okinawa)",provisional_corporate_actor,corporate,sponsorship,service_sponsorship,V016,USO Okinawa direct sponsor layer,registered_actor,USO Okinawa,USO Okinawa,Okinawa,human_reviewed_function_or_resource_relation,E3,S097,human_checked,Platinum 层级和支持类型不能换算金额；赞助不证明基地政策立场。,controlled_venue
OBS_R10R021,R10_human_reviewed_relation,R10R021,R10R021,Matson — USO Indo-Pacific Mission Partner,,P_R10_MATSON,,Matson,provisional_corporate_actor,corporate,sponsorship,regional_service_sponsorship_context,,,regional_service_network,USO Indo-Pacific,USO Indo-Pacific regional perimeter,Indo-Pacific; Okinawa page context,human_reviewed_function_or_resource_relation,E3,S097,human_revised,不写成 Matson 对 USO Okinawa 的本地定向资助；无金额、无本地 allocation、无政治立场推断。,no_applicable_venue
