source_id,source_title,source_type,declared_e3plus_edge_count,exclusively_supported_removed_edge_count,lost_observed_actor_count,comparison_unit,research_status,display_tier,claim_status,review_status,frontend_eligibility,interpretation_limit,removed_edge_rank_desc
S004,辺野古の海を守れ NGO 31団体が緊急共同声明,ngo_statement,44,40,24,remove source support; edge survives if any stated source remains,research_only,research,candidate,ai_seeded,not_frontend_ready,"Source dependency of encoded E3/E4 support, not disappearance of an actor, issue, activity or social relation.",1
S003,67団体がジュゴンの生息地辺野古への基地建設反対に共同声明,ngo_statement,8,7,4,remove source support; edge survives if any stated source remains,research_only,research,candidate,ai_seeded,not_frontend_ready,"Source dependency of encoded E3/E4 support, not disappearance of an actor, issue, activity or social relation.",2
S031,沖縄平和運動センター 公式,organization_site,6,6,2,remove source support; edge survives if any stated source remains,research_only,research,candidate,ai_seeded,not_frontend_ready,"Source dependency of encoded E3/E4 support, not disappearance of an actor, issue, activity or social relation.",3
S245,沖縄・琉球弧の声とは,organization_site,6,5,0,remove source support; edge survives if any stated source remains,research_only,research,candidate,ai_seeded,not_frontend_ready,"Source dependency of encoded E3/E4 support, not disappearance of an actor, issue, activity or social relation.",4
S033,Tanji Miyume: Myth Protest and Struggle in Okinawa,academic_article,4,4,2,remove source support; edge survives if any stated source remains,research_only,research,candidate,ai_seeded,not_frontend_ready,"Source dependency of encoded E3/E4 support, not disappearance of an actor, issue, activity or social relation.",5
S038,一坪反戦地主会 軍用地契約拒否運動,organization_site,4,4,2,remove source support; edge survives if any stated source remains,research_only,research,candidate,ai_seeded,not_frontend_ready,"Source dependency of encoded E3/E4 support, not disappearance of an actor, issue, activity or social relation.",6
S121,全国公害弁護団連絡会議,organization_site,4,4,1,remove source support; edge survives if any stated source remains,research_only,research,candidate,ai_seeded,not_frontend_ready,"Source dependency of encoded E3/E4 support, not disappearance of an actor, issue, activity or social relation.",7
S124,普天間基地爆音訴訟报告,legal_network_report,4,4,1,remove source support; edge survives if any stated source remains,research_only,research,candidate,ai_seeded,not_frontend_ready,"Source dependency of encoded E3/E4 support, not disappearance of an actor, issue, activity or social relation.",8
S125,日本YWCA辺野古新基地建設声明,organization_statement,4,4,1,remove source support; edge survives if any stated source remains,research_only,research,candidate,ai_seeded,not_frontend_ready,"Source dependency of encoded E3/E4 support, not disappearance of an actor, issue, activity or social relation.",9
S005,Peace Boat statement on Henoko emergency NGO declaration,ngo_statement,3,3,1,remove source support; edge survives if any stated source remains,research_only,research,candidate,ai_seeded,not_frontend_ready,"Source dependency of encoded E3/E4 support, not disappearance of an actor, issue, activity or social relation.",10
S020,陸自配備阻止訴え 宮古で集会 市民 地下水保全求め,local_news,3,3,1,remove source support; edge survives if any stated source remains,research_only,research,candidate,ai_seeded,not_frontend_ready,"Source dependency of encoded E3/E4 support, not disappearance of an actor, issue, activity or social relation.",11
S021,ミサイル基地いらない 宮古島住民連絡会 結成集会,party_news,3,3,1,remove source support; edge survives if any stated source remains,research_only,research,candidate,ai_seeded,not_frontend_ready,"Source dependency of encoded E3/E4 support, not disappearance of an actor, issue, activity or social relation.",12
S022,沖縄対話プロジェクト 公式ページ,organization_site,3,3,1,remove source support; edge survives if any stated source remains,research_only,research,candidate,ai_seeded,not_frontend_ready,"Source dependency of encoded E3/E4 support, not disappearance of an actor, issue, activity or social relation.",13
S029,島ぐるみ会議 辺野古新基地反対で連帯,party_news,3,3,1,remove source support; edge survives if any stated source remains,research_only,research,candidate,ai_seeded,not_frontend_ready,"Source dependency of encoded E3/E4 support, not disappearance of an actor, issue, activity or social relation.",14
S032,新外交イニシアティブ（ND）公式サイト,organization_site,3,3,1,remove source support; edge survives if any stated source remains,research_only,research,candidate,ai_seeded,not_frontend_ready,"Source dependency of encoded E3/E4 support, not disappearance of an actor, issue, activity or social relation.",15
S036,南西諸島ピースネット 結成,local_news,3,3,1,remove source support; edge survives if any stated source remains,research_only,research,candidate,ai_seeded,not_frontend_ready,"Source dependency of encoded E3/E4 support, not disappearance of an actor, issue, activity or social relation.",16
S037,沖縄弁護士会 辺野古新基地建設に関する会長声明・決議,ngo_statement,3,3,1,remove source support; edge survives if any stated source remains,research_only,research,candidate,ai_seeded,not_frontend_ready,"Source dependency of encoded E3/E4 support, not disappearance of an actor, issue, activity or social relation.",17
S039,基地・軍隊を許さない行動する女たちの会 結成（Akibayashi）,academic_article,3,3,1,remove source support; edge survives if any stated source remains,research_only,research,candidate,ai_seeded,not_frontend_ready,"Source dependency of encoded E3/E4 support, not disappearance of an actor, issue, activity or social relation.",18
S040,辺野古土砂搬入反対全国連絡協議会 結成,magazine_news,3,3,1,remove source support; edge survives if any stated source remains,research_only,research,candidate,ai_seeded,not_frontend_ready,"Source dependency of encoded E3/E4 support, not disappearance of an actor, issue, activity or social relation.",19
S047,沖縄防衛局 辺野古新基地建設事業 環境影響評価書,official_data,3,3,1,remove source support; edge survives if any stated source remains,research_only,research,candidate,ai_seeded,not_frontend_ready,"Source dependency of encoded E3/E4 support, not disappearance of an actor, issue, activity or social relation.",20
S048,Veterans for Peace Ryukyu/Okinawa Chapter Kokusai,organization_site,3,3,1,remove source support; edge survives if any stated source remains,research_only,research,candidate,ai_seeded,not_frontend_ready,"Source dependency of encoded E3/E4 support, not disappearance of an actor, issue, activity or social relation.",21
S109,沖縄県労連の紹介,organization_site,3,3,1,remove source support; edge survives if any stated source remains,research_only,research,candidate,ai_seeded,not_frontend_ready,"Source dependency of encoded E3/E4 support, not disappearance of an actor, issue, activity or social relation.",22
S026,嘉手納爆音訴訟 第三次 那覇地裁沖縄支部判決,local_news,4,3,0,remove source support; edge survives if any stated source remains,research_only,research,candidate,ai_seeded,not_frontend_ready,"Source dependency of encoded E3/E4 support, not disappearance of an actor, issue, activity or social relation.",23
S027,普天間爆音訴訟 第二次 那覇地裁判決,local_news,4,3,0,remove source support; edge survives if any stated source remains,research_only,research,candidate,ai_seeded,not_frontend_ready,"Source dependency of encoded E3/E4 support, not disappearance of an actor, issue, activity or social relation.",24
S028,高江ヘリパッド建設 住民らが抗議,local_news,2,2,1,remove source support; edge survives if any stated source remains,research_only,research,candidate,ai_seeded,not_frontend_ready,"Source dependency of encoded E3/E4 support, not disappearance of an actor, issue, activity or social relation.",25
S030,第2次泡瀬干潟埋め立て訴訟 那覇地裁判決,local_news,2,2,1,remove source support; edge survives if any stated source remains,research_only,research,candidate,ai_seeded,not_frontend_ready,"Source dependency of encoded E3/E4 support, not disappearance of an actor, issue, activity or social relation.",26
S034,沖縄意見広告運動 全国紙に一面広告,organization_site,2,2,1,remove source support; edge survives if any stated source remains,research_only,research,candidate,ai_seeded,not_frontend_ready,"Source dependency of encoded E3/E4 support, not disappearance of an actor, issue, activity or social relation.",27
S105,沖教組とは,organization_site,2,2,1,remove source support; edge survives if any stated source remains,research_only,research,candidate,ai_seeded,not_frontend_ready,"Source dependency of encoded E3/E4 support, not disappearance of an actor, issue, activity or social relation.",28
S106,組合について：沖縄県高等学校障害児学校教職員組合,organization_site,2,2,1,remove source support; edge survives if any stated source remains,research_only,research,candidate,ai_seeded,not_frontend_ready,"Source dependency of encoded E3/E4 support, not disappearance of an actor, issue, activity or social relation.",29
S110,自治労沖縄県本部,organization_site,2,2,1,remove source support; edge survives if any stated source remains,research_only,research,candidate,ai_seeded,not_frontend_ready,"Source dependency of encoded E3/E4 support, not disappearance of an actor, issue, activity or social relation.",30
S009,Earthjustice dugong litigation explainer,legal_international,3,2,0,remove source support; edge survives if any stated source remains,research_only,research,candidate,ai_seeded,not_frontend_ready,"Source dependency of encoded E3/E4 support, not disappearance of an actor, issue, activity or social relation.",31
S023,ノーモア沖縄戦 命どぅ宝の会 結成,local_news,3,2,0,remove source support; edge survives if any stated source remains,research_only,research,candidate,ai_seeded,not_frontend_ready,"Source dependency of encoded E3/E4 support, not disappearance of an actor, issue, activity or social relation.",32
S042,名護市民投票 基地建設反対が多数,local_official,3,2,0,remove source support; edge survives if any stated source remains,research_only,research,candidate,ai_seeded,not_frontend_ready,"Source dependency of encoded E3/E4 support, not disappearance of an actor, issue, activity or social relation.",33
S114,宮古島環境クラブ,organization_site,2,2,0,remove source support; edge survives if any stated source remains,research_only,research,candidate,ai_seeded,not_frontend_ready,"Source dependency of encoded E3/E4 support, not disappearance of an actor, issue, activity or social relation.",34
S116,PFAS汚染から市民の生命を守る連絡会について,organization_site,4,2,0,remove source support; edge survives if any stated source remains,research_only,research,candidate,ai_seeded,not_frontend_ready,"Source dependency of encoded E3/E4 support, not disappearance of an actor, issue, activity or social relation.",35
S043,沖縄県 米軍基地の概要,official_data,1,1,1,remove source support; edge survives if any stated source remains,research_only,research,candidate,ai_seeded,not_frontend_ready,"Source dependency of encoded E3/E4 support, not disappearance of an actor, issue, activity or social relation.",36
S055,NOSCO AWWA page,organization_site,4,1,1,remove source support; edge survives if any stated source remains,research_only,research,candidate,ai_seeded,not_frontend_ready,"Source dependency of encoded E3/E4 support, not disappearance of an actor, issue, activity or social relation.",37
S016,石垣自衛隊配備 初の市民討論会,local_news,2,1,0,remove source support; edge survives if any stated source remains,research_only,research,candidate,ai_seeded,not_frontend_ready,"Source dependency of encoded E3/E4 support, not disappearance of an actor, issue, activity or social relation.",38
S017,石垣陸自配備 市民が工事中止要請,local_news,2,1,0,remove source support; edge survives if any stated source remains,research_only,research,candidate,ai_seeded,not_frontend_ready,"Source dependency of encoded E3/E4 support, not disappearance of an actor, issue, activity or social relation.",39
S025,辺野古米軍基地建設のための埋立ての賛否を問う県民投票 結果,official_referendum,3,1,0,remove source support; edge survives if any stated source remains,research_only,research,candidate,ai_seeded,not_frontend_ready,"Source dependency of encoded E3/E4 support, not disappearance of an actor, issue, activity or social relation.",40
S064,NGO非戦ネット 辺野古県民投票結果の尊重を求める声明,ngo_statement,1,1,0,remove source support; edge survives if any stated source remains,research_only,research,candidate,ai_seeded,not_frontend_ready,"Source dependency of encoded E3/E4 support, not disappearance of an actor, issue, activity or social relation.",41
S108,在日米軍関係者によって繰り返される性的暴行事件に関する抗議・要請,organization_action_record,2,1,0,remove source support; edge survives if any stated source remains,research_only,research,candidate,ai_seeded,not_frontend_ready,"Source dependency of encoded E3/E4 support, not disappearance of an actor, issue, activity or social relation.",42
S115,特定非営利活動法人 宮古島 海の環境ネットワーク,organization_site,1,1,0,remove source support; edge survives if any stated source remains,research_only,research,candidate,ai_seeded,not_frontend_ready,"Source dependency of encoded E3/E4 support, not disappearance of an actor, issue, activity or social relation.",43
S201,琉球新報―女団協、米軍性暴力を巡る県民大会を呼び掛け,local_news,4,1,0,remove source support; edge survives if any stated source remains,research_only,research,candidate,ai_seeded,not_frontend_ready,"Source dependency of encoded E3/E4 support, not disappearance of an actor, issue, activity or social relation.",44
S234,連合2024平和行動in沖縄を開催,organization_action_record,4,1,0,remove source support; edge survives if any stated source remains,research_only,research,candidate,ai_seeded,not_frontend_ready,"Source dependency of encoded E3/E4 support, not disappearance of an actor, issue, activity or social relation.",45
S241,宮古島環境クラブ（MEC）の活動とは？,organization_site,1,1,0,remove source support; edge survives if any stated source remains,research_only,research,candidate,ai_seeded,not_frontend_ready,"Source dependency of encoded E3/E4 support, not disappearance of an actor, issue, activity or social relation.",46
S242,法人概要｜宮古島 海の環境ネットワーク,organization_site,1,1,0,remove source support; edge survives if any stated source remains,research_only,research,candidate,ai_seeded,not_frontend_ready,"Source dependency of encoded E3/E4 support, not disappearance of an actor, issue, activity or social relation.",47
S283,沖縄県民投票条例へ 新婦人が署名開始,party_news,3,1,0,remove source support; edge survives if any stated source remains,research_only,research,candidate,ai_seeded,not_frontend_ready,"Source dependency of encoded E3/E4 support, not disappearance of an actor, issue, activity or social relation.",48
S001,沖縄県NPOプラザ,official_portal,0,0,0,remove source support; edge survives if any stated source remains,research_only,research,candidate,ai_seeded,not_frontend_ready,"Source dependency of encoded E3/E4 support, not disappearance of an actor, issue, activity or social relation.",49
S002,令和６年度 NPO等との協働実績調査,official_data,0,0,0,remove source support; edge survives if any stated source remains,research_only,research,candidate,ai_seeded,not_frontend_ready,"Source dependency of encoded E3/E4 support, not disappearance of an actor, issue, activity or social relation.",50
S006,OEJP 71 organizations MMC request,international_advocacy,5,0,0,remove source support; edge survives if any stated source remains,research_only,research,candidate,ai_seeded,not_frontend_ready,"Source dependency of encoded E3/E4 support, not disappearance of an actor, issue, activity or social relation.",51
S007,The Plight of the Okinawa Dugong,academic_article,7,0,0,remove source support; edge survives if any stated source remains,research_only,research,candidate,ai_seeded,not_frontend_ready,"Source dependency of encoded E3/E4 support, not disappearance of an actor, issue, activity or social relation.",52
S008,ジュゴン保護 県内外71団体が米海洋哺乳類委員会に要請,local_news,5,0,0,remove source support; edge survives if any stated source remains,research_only,research,candidate,ai_seeded,not_frontend_ready,"Source dependency of encoded E3/E4 support, not disappearance of an actor, issue, activity or social relation.",53
S010,与那国町住民投票 自衛隊配備 結果は「賛成」多数,local_news,0,0,0,remove source support; edge survives if any stated source remains,research_only,research,candidate,ai_seeded,not_frontend_ready,"Source dependency of encoded E3/E4 support, not disappearance of an actor, issue, activity or social relation.",54
S011,与那国住民投票 陸自配備を容認　賛成632票、反対445票,local_news,0,0,0,remove source support; edge survives if any stated source remains,research_only,research,candidate,ai_seeded,not_frontend_ready,"Source dependency of encoded E3/E4 support, not disappearance of an actor, issue, activity or social relation.",55
S012,与那国駐屯地,official_defense,0,0,0,remove source support; edge survives if any stated source remains,research_only,research,candidate,ai_seeded,not_frontend_ready,"Source dependency of encoded E3/E4 support, not disappearance of an actor, issue, activity or social relation.",56
S013,令和4年版防衛白書 与那国と台湾,official_defense,0,0,0,remove source support; edge survives if any stated source remains,research_only,research,candidate,ai_seeded,not_frontend_ready,"Source dependency of encoded E3/E4 support, not disappearance of an actor, issue, activity or social relation.",57
S014,与那国町長期営農計画,local_official,0,0,0,remove source support; edge survives if any stated source remains,research_only,research,candidate,ai_seeded,not_frontend_ready,"Source dependency of encoded E3/E4 support, not disappearance of an actor, issue, activity or social relation.",58
S015,与那国に自衛隊いらない／配備反対の意見広告呼びかけ,party_news,0,0,0,remove source support; edge survives if any stated source remains,research_only,research,candidate,ai_seeded,not_frontend_ready,"Source dependency of encoded E3/E4 support, not disappearance of an actor, issue, activity or social relation.",59
S018,石垣市 住民投票条例案 市議会で否決,local_news,3,0,0,remove source support; edge survives if any stated source remains,research_only,research,candidate,ai_seeded,not_frontend_ready,"Source dependency of encoded E3/E4 support, not disappearance of an actor, issue, activity or social relation.",60
S019,有効署名１万４千筆超　２０日に条例制定請求　住民投票、来月の議会で審議　石垣陸自配備,local_news,3,0,0,remove source support; edge survives if any stated source remains,research_only,research,candidate,ai_seeded,not_frontend_ready,"Source dependency of encoded E3/E4 support, not disappearance of an actor, issue, activity or social relation.",61
S024,台湾有事に備え 南西諸島の軍事化に懸念,organization_site,1,0,0,remove source support; edge survives if any stated source remains,research_only,research,candidate,ai_seeded,not_frontend_ready,"Source dependency of encoded E3/E4 support, not disappearance of an actor, issue, activity or social relation.",62
S035,内閣府NPO法人ポータル,official_portal,0,0,0,remove source support; edge survives if any stated source remains,research_only,research,candidate,ai_seeded,not_frontend_ready,"Source dependency of encoded E3/E4 support, not disappearance of an actor, issue, activity or social relation.",63
S041,AWWA / OESC / NOSCO official sites and DVIDS reports,organization_site,3,0,0,remove source support; edge survives if any stated source remains,research_only,research,candidate,ai_seeded,not_frontend_ready,"Source dependency of encoded E3/E4 support, not disappearance of an actor, issue, activity or social relation.",64
S044,Inoue Masamichi: Okinawa and the U.S. Military,academic_article,0,0,0,remove source support; edge survives if any stated source remains,research_only,research,candidate,ai_seeded,not_frontend_ready,"Source dependency of encoded E3/E4 support, not disappearance of an actor, issue, activity or social relation.",65
S045,辺野古新基地 土砂投入開始,local_news,0,0,0,remove source support; edge survives if any stated source remains,research_only,research,candidate,ai_seeded,not_frontend_ready,"Source dependency of encoded E3/E4 support, not disappearance of an actor, issue, activity or social relation.",66
S046,NACSJ 辺野古・大浦湾の生物多様性報告,ngo_statement,0,0,0,remove source support; edge survives if any stated source remains,research_only,research,candidate,ai_seeded,not_frontend_ready,"Source dependency of encoded E3/E4 support, not disappearance of an actor, issue, activity or social relation.",67
S049,ヘリ基地反対協議会 公式サイト,organization_site,2,0,0,remove source support; edge survives if any stated source remains,research_only,research,candidate,ai_seeded,not_frontend_ready,"Source dependency of encoded E3/E4 support, not disappearance of an actor, issue, activity or social relation.",68
S050,ヘリ基地反対協議会 Wikipedia,encyclopedia,1,0,0,remove source support; edge survives if any stated source remains,research_only,research,candidate,ai_seeded,not_frontend_ready,"Source dependency of encoded E3/E4 support, not disappearance of an actor, issue, activity or social relation.",69
S051,石垣市住民投票を求める会 公式サイト,organization_site,0,0,0,remove source support; edge survives if any stated source remains,research_only,research,candidate,ai_seeded,not_frontend_ready,"Source dependency of encoded E3/E4 support, not disappearance of an actor, issue, activity or social relation.",70
S052,与那国イソバの会 ブログ,organization_blog,1,0,0,remove source support; edge survives if any stated source remains,research_only,research,candidate,ai_seeded,not_frontend_ready,"Source dependency of encoded E3/E4 support, not disappearance of an actor, issue, activity or social relation.",71
S053,OESC donates $3250 to USO Okinawa,news,1,0,0,remove source support; edge survives if any stated source remains,research_only,research,candidate,ai_seeded,not_frontend_ready,"Source dependency of encoded E3/E4 support, not disappearance of an actor, issue, activity or social relation.",72
S054,OESC ProPublica Nonprofit Explorer,nonprofit_record,1,0,0,remove source support; edge survives if any stated source remains,research_only,research,candidate,ai_seeded,not_frontend_ready,"Source dependency of encoded E3/E4 support, not disappearance of an actor, issue, activity or social relation.",73
S056,U.S. Consulate Naha Okinawa Youth Council NOFO PDF,grant_document,0,0,0,remove source support; edge survives if any stated source remains,research_only,research,candidate,ai_seeded,not_frontend_ready,"Source dependency of encoded E3/E4 support, not disappearance of an actor, issue, activity or social relation.",74
S057,ジュゴン保護キャンペーンセンター公式サイト,organization_site,1,0,0,remove source support; edge survives if any stated source remains,research_only,research,candidate,ai_seeded,not_frontend_ready,"Source dependency of encoded E3/E4 support, not disappearance of an actor, issue, activity or social relation.",75
S058,IUCN member page: Save the Dugong Campaign Center,ngo_directory,2,0,0,remove source support; edge survives if any stated source remains,research_only,research,candidate,ai_seeded,not_frontend_ready,"Source dependency of encoded E3/E4 support, not disappearance of an actor, issue, activity or social relation.",76
S059,GEOC団体情報: ジュゴン保護キャンペーンセンター,ngo_directory,1,0,0,remove source support; edge survives if any stated source remains,research_only,research,candidate,ai_seeded,not_frontend_ready,"Source dependency of encoded E3/E4 support, not disappearance of an actor, issue, activity or social relation.",77
S060,Earthjustice 2003 Okinawa Dugong lawsuit press release,legal_international,7,0,0,remove source support; edge survives if any stated source remains,research_only,research,candidate,ai_seeded,not_frontend_ready,"Source dependency of encoded E3/E4 support, not disappearance of an actor, issue, activity or social relation.",78
S061,JELF Okinawa Dugong NHPA lawsuit plaintiff material,legal_source,2,0,0,remove source support; edge survives if any stated source remains,research_only,research,candidate,ai_seeded,not_frontend_ready,"Source dependency of encoded E3/E4 support, not disappearance of an actor, issue, activity or social relation.",79
S062,Earthjustice Okinawa Dugong case page,legal_international,0,0,0,remove source support; edge survives if any stated source remains,research_only,research,candidate,ai_seeded,not_frontend_ready,"Source dependency of encoded E3/E4 support, not disappearance of an actor, issue, activity or social relation.",80
S063,琉球新報 用語辞典 ジュゴン保護基金委員会,encyclopedia,0,0,0,remove source support; edge survives if any stated source remains,research_only,research,candidate,ai_seeded,not_frontend_ready,"Source dependency of encoded E3/E4 support, not disappearance of an actor, issue, activity or social relation.",81
S065,NGO非戦ネット 公式サイト,organization_site,1,0,0,remove source support; edge survives if any stated source remains,research_only,research,candidate,ai_seeded,not_frontend_ready,"Source dependency of encoded E3/E4 support, not disappearance of an actor, issue, activity or social relation.",82
S066,アーユス NGO非戦ネット 2015 活動紹介,ngo_report,1,0,0,remove source support; edge survives if any stated source remains,research_only,research,candidate,ai_seeded,not_frontend_ready,"Source dependency of encoded E3/E4 support, not disappearance of an actor, issue, activity or social relation.",83
S067,JVC NGO非戦ネット OSA反対声明 2023,ngo_statement,1,0,0,remove source support; edge survives if any stated source remains,research_only,research,candidate,ai_seeded,not_frontend_ready,"Source dependency of encoded E3/E4 support, not disappearance of an actor, issue, activity or social relation.",84
S068,沖縄タイムス 日米の合同演習 市民が中止要請 与那国イソバの会,local_news,1,0,0,remove source support; edge survives if any stated source remains,research_only,research,candidate,ai_seeded,not_frontend_ready,"Source dependency of encoded E3/E4 support, not disappearance of an actor, issue, activity or social relation.",85
S069,週刊金曜日 自衛隊配備賛否を問う与那国島住民投票 反対派は選挙過程も疑問視,magazine_news,0,0,0,remove source support; edge survives if any stated source remains,research_only,research,candidate,ai_seeded,not_frontend_ready,"Source dependency of encoded E3/E4 support, not disappearance of an actor, issue, activity or social relation.",86
S070,赤旗 与那国 住民投票へ 条例案可決,party_news,0,0,0,remove source support; edge survives if any stated source remains,research_only,research,candidate,ai_seeded,not_frontend_ready,"Source dependency of encoded E3/E4 support, not disappearance of an actor, issue, activity or social relation.",87
S071,与那国町住民投票条例（平成26年与那国町条例第25号／平成27年条例第1号改正、失効）,legal_database,0,0,0,remove source support; edge survives if any stated source remains,research_only,research,candidate,ai_seeded,not_frontend_ready,"Source dependency of encoded E3/E4 support, not disappearance of an actor, issue, activity or social relation.",88
S072,DVIDS American Women's Welfare Association celebrates 40 years,military_news,2,0,0,remove source support; edge survives if any stated source remains,research_only,research,candidate,ai_seeded,not_frontend_ready,"Source dependency of encoded E3/E4 support, not disappearance of an actor, issue, activity or social relation.",89
S073,AWWA official Facebook American Welfare & Works Association,organization_social,0,0,0,remove source support; edge survives if any stated source remains,research_only,research,candidate,ai_seeded,not_frontend_ready,"Source dependency of encoded E3/E4 support, not disappearance of an actor, issue, activity or social relation.",90
S074,Cause IQ American Welfare and Works Association EIN 98-0227149,nonprofit_record,0,0,0,remove source support; edge survives if any stated source remains,research_only,research,candidate,ai_seeded,not_frontend_ready,"Source dependency of encoded E3/E4 support, not disappearance of an actor, issue, activity or social relation.",91
S075,Kadena Officers' Spouses' Club charity page,organization_site,1,0,0,remove source support; edge survives if any stated source remains,research_only,research,candidate,ai_seeded,not_frontend_ready,"Source dependency of encoded E3/E4 support, not disappearance of an actor, issue, activity or social relation.",92
S076,Kadena Officers Spouses Club ProPublica Nonprofit Explorer,nonprofit_record,1,0,0,remove source support; edge survives if any stated source remains,research_only,research,candidate,ai_seeded,not_frontend_ready,"Source dependency of encoded E3/E4 support, not disappearance of an actor, issue, activity or social relation.",93
S077,USO Okinawa AWWA grant to USO Kinser,organization_story,1,0,0,remove source support; edge survives if any stated source remains,research_only,research,candidate,ai_seeded,not_frontend_ready,"Source dependency of encoded E3/E4 support, not disappearance of an actor, issue, activity or social relation.",94
S078,Ryukyu Shimpo English AWWA donated 800 million yen over 40 years,local_news_english,1,0,0,remove source support; edge survives if any stated source remains,research_only,research,candidate,ai_seeded,not_frontend_ready,"Source dependency of encoded E3/E4 support, not disappearance of an actor, issue, activity or social relation.",95
S079,MOSCO official site,organization_site,1,0,0,remove source support; edge survives if any stated source remains,research_only,research,candidate,ai_seeded,not_frontend_ready,"Source dependency of encoded E3/E4 support, not disappearance of an actor, issue, activity or social relation.",96
S080,Marine Officers Spouses Club Okinawa ProPublica Nonprofit Explorer,nonprofit_record,1,0,0,remove source support; edge survives if any stated source remains,research_only,research,candidate,ai_seeded,not_frontend_ready,"Source dependency of encoded E3/E4 support, not disappearance of an actor, issue, activity or social relation.",97
S081,Army on Okinawa Gift Shop Okinawa Hai,community_site,1,0,0,remove source support; edge survives if any stated source remains,research_only,research,candidate,ai_seeded,not_frontend_ready,"Source dependency of encoded E3/E4 support, not disappearance of an actor, issue, activity or social relation.",98
S082,Grants.gov Okinawa Youth Council Program opportunity,grant_document,0,0,0,remove source support; edge survives if any stated source remains,research_only,research,candidate,ai_seeded,not_frontend_ready,"Source dependency of encoded E3/E4 support, not disappearance of an actor, issue, activity or social relation.",99
S083,FederalGrants Okinawa Youth Council Program listing,grant_database,0,0,0,remove source support; edge survives if any stated source remains,research_only,research,candidate,ai_seeded,not_frontend_ready,"Source dependency of encoded E3/E4 support, not disappearance of an actor, issue, activity or social relation.",100
S084,GrantedAI Okinawa Youth Council Program expired listing,grant_database,0,0,0,remove source support; edge survives if any stated source remains,research_only,research,candidate,ai_seeded,not_frontend_ready,"Source dependency of encoded E3/E4 support, not disappearance of an actor, issue, activity or social relation.",101
S085,NED FY2024 Asia Grant Listing PDF,grant_listing,0,0,0,remove source support; edge survives if any stated source remains,research_only,research,candidate,ai_seeded,not_frontend_ready,"Source dependency of encoded E3/E4 support, not disappearance of an actor, issue, activity or social relation.",102
S086,NED 2024 Grant Listings entry page,grant_listing,0,0,0,remove source support; edge survives if any stated source remains,research_only,research,candidate,ai_seeded,not_frontend_ready,"Source dependency of encoded E3/E4 support, not disappearance of an actor, issue, activity or social relation.",103
S087,Peace Winds Japan USAID funding for West Japan Floods and Hokkaido Earthquake,organization_report,0,0,0,remove source support; edge survives if any stated source remains,research_only,research,candidate,ai_seeded,not_frontend_ready,"Source dependency of encoded E3/E4 support, not disappearance of an actor, issue, activity or social relation.",104
S088,Peace Winds America Peace Winds in Japan disaster relief overview,organization_site,0,0,0,remove source support; edge survives if any stated source remains,research_only,research,candidate,ai_seeded,not_frontend_ready,"Source dependency of encoded E3/E4 support, not disappearance of an actor, issue, activity or social relation.",105
S089,Pro Public official site,organization_site,1,0,0,remove source support; edge survives if any stated source remains,research_only,research,candidate,ai_seeded,not_frontend_ready,"Source dependency of encoded E3/E4 support, not disappearance of an actor, issue, activity or social relation.",106
S090,FoE International member page Nepal Pro Public,ngo_directory,1,0,0,remove source support; edge survives if any stated source remains,research_only,research,candidate,ai_seeded,not_frontend_ready,"Source dependency of encoded E3/E4 support, not disappearance of an actor, issue, activity or social relation.",107
S091,IUCN member page Pro Natura / Friends of the Earth Switzerland,ngo_directory,2,0,0,remove source support; edge survives if any stated source remains,research_only,research,candidate,ai_seeded,not_frontend_ready,"Source dependency of encoded E3/E4 support, not disappearance of an actor, issue, activity or social relation.",108
S092,FoE International member page Switzerland Pro Natura,ngo_directory,2,0,0,remove source support; edge survives if any stated source remains,research_only,research,candidate,ai_seeded,not_frontend_ready,"Source dependency of encoded E3/E4 support, not disappearance of an actor, issue, activity or social relation.",109
S093,Okinawa Dugong v Rumsfeld docket USCOURTS-cand-3_03-cv-04350,court_record,3,0,0,remove source support; edge survives if any stated source remains,research_only,research,candidate,ai_seeded,not_frontend_ready,"Source dependency of encoded E3/E4 support, not disappearance of an actor, issue, activity or social relation.",110
S094,AWWA donates wheelchair van to Yomitan Quegoen,military_news,0,0,0,remove source support; edge survives if any stated source remains,research_only,research,candidate,ai_seeded,not_frontend_ready,"Source dependency of encoded E3/E4 support, not disappearance of an actor, issue, activity or social relation.",111
S095,特定非営利活動法人 沖縄NGOセンター（ONC）公式サイト,organization_site,0,0,0,remove source support; edge survives if any stated source remains,research_only,research,candidate,ai_seeded,not_frontend_ready,"Source dependency of encoded E3/E4 support, not disappearance of an actor, issue, activity or social relation.",112
S096,外務省 NGO相談員リスト 令和7年度,official_portal,0,0,0,remove source support; edge survives if any stated source remains,research_only,research,candidate,ai_seeded,not_frontend_ready,"Source dependency of encoded E3/E4 support, not disappearance of an actor, issue, activity or social relation.",113
S097,USO Okinawa Sponsors page,organization_site,0,0,0,remove source support; edge survives if any stated source remains,research_only,research,candidate,ai_seeded,not_frontend_ready,"Source dependency of encoded E3/E4 support, not disappearance of an actor, issue, activity or social relation.",114
S098,AEC $16000 donation and center refresh to USO Okinawa,news,0,0,0,remove source support; edge survives if any stated source remains,research_only,research,candidate,ai_seeded,not_frontend_ready,"Source dependency of encoded E3/E4 support, not disappearance of an actor, issue, activity or social relation.",115
S099,沖縄NGOセンター 2024年度事業報告書等,official_npo_report,0,0,0,remove source support; edge survives if any stated source remains,research_only,research,candidate,ai_seeded,not_frontend_ready,"Source dependency of encoded E3/E4 support, not disappearance of an actor, issue, activity or social relation.",116
S100,JICA 2019年度教師海外研修 九州沖縄 報告書,official_project_report,0,0,0,remove source support; edge survives if any stated source remains,research_only,research,candidate,ai_seeded,not_frontend_ready,"Source dependency of encoded E3/E4 support, not disappearance of an actor, issue, activity or social relation.",117
S101,外務省 NGO相談員リスト 令和8年度,official_portal,0,0,0,remove source support; edge survives if any stated source remains,research_only,research,candidate,ai_seeded,not_frontend_ready,"Source dependency of encoded E3/E4 support, not disappearance of an actor, issue, activity or social relation.",118
S102,NOSCO joins donation of cooling fans to Heshikiya after-school childcare center,military_news,0,0,0,remove source support; edge survives if any stated source remains,research_only,research,candidate,ai_seeded,not_frontend_ready,"Source dependency of encoded E3/E4 support, not disappearance of an actor, issue, activity or social relation.",119
S103,NPO法人世界版「平和の礎」を提案する会 行政入力情報,official_portal,3,0,0,remove source support; edge survives if any stated source remains,research_only,research,candidate,ai_seeded,not_frontend_ready,"Source dependency of encoded E3/E4 support, not disappearance of an actor, issue, activity or social relation.",120
S104,NPO法人信息检索结果：沖縄平和協力センター,official_portal,0,0,0,remove source support; edge survives if any stated source remains,research_only,research,candidate,ai_seeded,not_frontend_ready,"Source dependency of encoded E3/E4 support, not disappearance of an actor, issue, activity or social relation.",121
S107,連合沖縄とは,organization_site,0,0,0,remove source support; edge survives if any stated source remains,research_only,research,candidate,ai_seeded,not_frontend_ready,"Source dependency of encoded E3/E4 support, not disappearance of an actor, issue, activity or social relation.",122
S111,一般社団法人沖縄県女性連合会,organization_site,0,0,0,remove source support; edge survives if any stated source remains,research_only,research,candidate,ai_seeded,not_frontend_ready,"Source dependency of encoded E3/E4 support, not disappearance of an actor, issue, activity or social relation.",123
S112,沖縄県議会委員会记录：宫古两团体陈情,official_legislative_record,2,0,0,remove source support; edge survives if any stated source remains,research_only,research,candidate,ai_seeded,not_frontend_ready,"Source dependency of encoded E3/E4 support, not disappearance of an actor, issue, activity or social relation.",124
S113,考える会・郡民の会抗议报道,local_news,0,0,0,remove source support; edge survives if any stated source remains,research_only,research,candidate,ai_seeded,not_frontend_ready,"Source dependency of encoded E3/E4 support, not disappearance of an actor, issue, activity or social relation.",125
S117,沖縄県PFAS健康影响委员会议事概要,official_government_record,0,0,0,remove source support; edge survives if any stated source remains,research_only,research,candidate,ai_seeded,not_frontend_ready,"Source dependency of encoded E3/E4 support, not disappearance of an actor, issue, activity or social relation.",126
S118,うるま市议会会议录：ミサイル配備から命を守る市民の会,official_legislative_record,1,0,0,remove source support; edge survives if any stated source remains,research_only,research,candidate,ai_seeded,not_frontend_ready,"Source dependency of encoded E3/E4 support, not disappearance of an actor, issue, activity or social relation.",127
S119,うるま市民の会发足报道,local_news,1,0,0,remove source support; edge survives if any stated source remains,research_only,research,candidate,ai_seeded,not_frontend_ready,"Source dependency of encoded E3/E4 support, not disappearance of an actor, issue, activity or social relation.",128
S120,沖縄・琉球弧の声を届ける会,organization_site,0,0,0,remove source support; edge survives if any stated source remains,research_only,research,candidate,ai_seeded,not_frontend_ready,"Source dependency of encoded E3/E4 support, not disappearance of an actor, issue, activity or social relation.",129
S122,全国基地爆音訴訟原告団連絡会議介绍,member_organization_website,4,0,0,remove source support; edge survives if any stated source remains,research_only,research,candidate,ai_seeded,not_frontend_ready,"Source dependency of encoded E3/E4 support, not disappearance of an actor, issue, activity or social relation.",130
S123,全国基地爆音訴訟原告団連絡会政府要请报道,member_organization_action_record,4,0,0,remove source support; edge survives if any stated source remains,research_only,research,candidate,ai_seeded,not_frontend_ready,"Source dependency of encoded E3/E4 support, not disappearance of an actor, issue, activity or social relation.",131
S126,辺野古の海を土砂で埋めるな首都圏連絡会,organization_site,4,0,0,remove source support; edge survives if any stated source remains,research_only,research,candidate,ai_seeded,not_frontend_ready,"Source dependency of encoded E3/E4 support, not disappearance of an actor, issue, activity or social relation.",132
S127,JAWAN对首都圈联络会行动记录,partner_organization_record,4,0,0,remove source support; edge survives if any stated source remains,research_only,research,candidate,ai_seeded,not_frontend_ready,"Source dependency of encoded E3/E4 support, not disappearance of an actor, issue, activity or social relation.",133
S128,Center for Biological Diversity v. Mattis No. 15-15695 opinion,court_record,4,0,0,remove source support; edge survives if any stated source remains,research_only,research,candidate,ai_seeded,not_frontend_ready,"Source dependency of encoded E3/E4 support, not disappearance of an actor, issue, activity or social relation.",134
S129,Center for Biological Diversity v. Esper No. 18-16836 opinion,court_record,1,0,0,remove source support; edge survives if any stated source remains,research_only,research,candidate,ai_seeded,not_frontend_ready,"Source dependency of encoded E3/E4 support, not disappearance of an actor, issue, activity or social relation.",135
S130,普天間飛行場代替施設建設事業に係る環境影響評価書（補正後） publication hub,official_data,0,0,0,remove source support; edge survives if any stated source remains,research_only,research,candidate,ai_seeded,not_frontend_ready,"Source dependency of encoded E3/E4 support, not disappearance of an actor, issue, activity or social relation.",136
S131,「普天間飛行場代替施設建設事業に係る環境影響評価書（補正後）」への意見,organization_statement,0,0,0,remove source support; edge survives if any stated source remains,research_only,research,candidate,ai_seeded,not_frontend_ready,"Source dependency of encoded E3/E4 support, not disappearance of an actor, issue, activity or social relation.",137
S132,普天間飛行場代替施設建設事業に係る環境影響評価方法書に対する意見,organization_statement,0,0,0,remove source support; edge survives if any stated source remains,research_only,research,candidate,ai_seeded,not_frontend_ready,"Source dependency of encoded E3/E4 support, not disappearance of an actor, issue, activity or social relation.",138
S133,Third Kadena Air Base noise injunction appeal judgment,court_record,0,0,0,remove source support; edge survives if any stated source remains,research_only,research,candidate,ai_seeded,not_frontend_ready,"Source dependency of encoded E3/E4 support, not disappearance of an actor, issue, activity or social relation.",139
S134,爆音響く 第三次嘉手納基地爆音差止訴訟の記録 2011.4-2022.3 総集編,official_data,0,0,0,remove source support; edge survives if any stated source remains,research_only,research,candidate,ai_seeded,not_frontend_ready,"Source dependency of encoded E3/E4 support, not disappearance of an actor, issue, activity or social relation.",140
S135,令和4年3月10日 普天間飛行場周辺損害賠償請求事件判決,court_record,1,0,0,remove source support; edge survives if any stated source remains,research_only,research,candidate,ai_seeded,not_frontend_ready,"Source dependency of encoded E3/E4 support, not disappearance of an actor, issue, activity or social relation.",141
S136,「普天間基地爆音訴訟団」のホームページができました,formal_counsel_material,0,0,0,remove source support; edge survives if any stated source remains,research_only,research,candidate,ai_seeded,not_frontend_ready,"Source dependency of encoded E3/E4 support, not disappearance of an actor, issue, activity or social relation.",142
S137,石垣市平得大俣地域への陸上自衛隊配備計画の賛否を問う住民投票実施義務付け等請求事件判決,court_record,0,0,0,remove source support; edge survives if any stated source remains,research_only,research,candidate,ai_seeded,not_frontend_ready,"Source dependency of encoded E3/E4 support, not disappearance of an actor, issue, activity or social relation.",143
S138,石垣市平得大俣地域への陸上自衛隊配備計画の賛否を問う住民投票条例に係る議会審議の結果について H31.2.4,local_official,0,0,0,remove source support; edge survives if any stated source remains,research_only,research,candidate,ai_seeded,not_frontend_ready,"Source dependency of encoded E3/E4 support, not disappearance of an actor, issue, activity or social relation.",144
S139,在外日本人国民審査権確認等請求事件最高裁判決を踏まえた原告ら代理人の意見,legal_source,0,0,0,remove source support; edge survives if any stated source remains,research_only,research,candidate,ai_seeded,not_frontend_ready,"Source dependency of encoded E3/E4 support, not disappearance of an actor, issue, activity or social relation.",145
S140,泡瀬干潟埋立公金支出差止等請求事件判決,court_record,0,0,0,remove source support; edge survives if any stated source remains,research_only,research,candidate,ai_seeded,not_frontend_ready,"Source dependency of encoded E3/E4 support, not disappearance of an actor, issue, activity or social relation.",146
S141,特別保存に付した事件 平成29年度完結分,court_record,0,0,0,remove source support; edge survives if any stated source remains,research_only,research,candidate,ai_seeded,not_frontend_ready,"Source dependency of encoded E3/E4 support, not disappearance of an actor, issue, activity or social relation.",147
S142,第2次泡瀬干潟埋立住民訴訟の上告棄却に関する原告と弁護団の声明,legal_source,1,0,0,remove source support; edge survives if any stated source remains,research_only,research,candidate,ai_seeded,not_frontend_ready,"Source dependency of encoded E3/E4 support, not disappearance of an actor, issue, activity or social relation.",148
S143,平成19年度沖縄県訟務年報,official_data,0,0,0,remove source support; edge survives if any stated source remains,research_only,research,candidate,ai_seeded,not_frontend_ready,"Source dependency of encoded E3/E4 support, not disappearance of an actor, issue, activity or social relation.",149
S144,日本YWCA『沖縄YWCAのご紹介』,parent_organization_profile,4,0,0,remove source support; edge survives if any stated source remains,research_only,research,candidate,ai_seeded,not_frontend_ready,"Source dependency of encoded E3/E4 support, not disappearance of an actor, issue, activity or social relation.",150
S145,日本YWCA 沖縄专题页,parent_organization_topic_page,0,0,0,remove source support; edge survives if any stated source remains,research_only,research,candidate,ai_seeded,not_frontend_ready,"Source dependency of encoded E3/E4 support, not disappearance of an actor, issue, activity or social relation.",151
S146,沖縄を再び戦場にさせない県民の会 公式サイト,organization_site,4,0,0,remove source support; edge survives if any stated source remains,research_only,research,candidate,ai_seeded,not_frontend_ready,"Source dependency of encoded E3/E4 support, not disappearance of an actor, issue, activity or social relation.",152
S147,QAB『沖縄を再び戦場にさせない「県民平和大集会」』,local_news,4,0,0,remove source support; edge survives if any stated source remains,research_only,research,candidate,ai_seeded,not_frontend_ready,"Source dependency of encoded E3/E4 support, not disappearance of an actor, issue, activity or social relation.",153
S148,沖縄を再び戦場にさせない県民の会 发足报道,local_news,4,0,0,remove source support; edge survives if any stated source remains,research_only,research,candidate,ai_seeded,not_frontend_ready,"Source dependency of encoded E3/E4 support, not disappearance of an actor, issue, activity or social relation.",154
S149,嘉手納爆音、第4次訴訟を提起―原告3万5566人,local_news,5,0,0,remove source support; edge survives if any stated source remains,research_only,research,candidate,ai_seeded,not_frontend_ready,"Source dependency of encoded E3/E4 support, not disappearance of an actor, issue, activity or social relation.",155
S150,QAB 第4次嘉手納基地爆音差止訴訟 第1回口頭弁論前夜集会,local_news,4,0,0,remove source support; edge survives if any stated source remains,research_only,research,candidate,ai_seeded,not_frontend_ready,"Source dependency of encoded E3/E4 support, not disappearance of an actor, issue, activity or social relation.",156
S151,嘉手納基地爆音差止訴訟原告団 公式サイト,organization_site,5,0,0,remove source support; edge survives if any stated source remains,research_only,research,candidate,ai_seeded,not_frontend_ready,"Source dependency of encoded E3/E4 support, not disappearance of an actor, issue, activity or social relation.",157
S152,第4次嘉手納基地爆音差止訴訟 提訴说明,participating_law_firm_record,4,0,0,remove source support; edge survives if any stated source remains,research_only,research,candidate,ai_seeded,not_frontend_ready,"Source dependency of encoded E3/E4 support, not disappearance of an actor, issue, activity or social relation.",158
S153,辺野古に基地を絶対つくらせない大阪行動 公式博客,organization_site,4,0,0,remove source support; edge survives if any stated source remains,research_only,research,candidate,ai_seeded,not_frontend_ready,"Source dependency of encoded E3/E4 support, not disappearance of an actor, issue, activity or social relation.",159
S154,IWJ 大阪・辺野古声援行动记录,media_record,4,0,0,remove source support; edge survives if any stated source remains,research_only,research,candidate,ai_seeded,not_frontend_ready,"Source dependency of encoded E3/E4 support, not disappearance of an actor, issue, activity or social relation.",160
S155,嘉手納基地爆音差止訴訟原告団 訴訟の歴史,organization_history,1,0,0,remove source support; edge survives if any stated source remains,research_only,research,candidate,ai_seeded,not_frontend_ready,"Source dependency of encoded E3/E4 support, not disappearance of an actor, issue, activity or social relation.",161
S156,普天間基地爆音訴訟団 公式サイト,organization_site,1,0,0,remove source support; edge survives if any stated source remains,research_only,research,candidate,ai_seeded,not_frontend_ready,"Source dependency of encoded E3/E4 support, not disappearance of an actor, issue, activity or social relation.",162
S157,島の未来は市民が決める―石垣島の自衛隊配備問題―,union_research_report,0,0,0,remove source support; edge survives if any stated source remains,research_only,research,candidate,ai_seeded,not_frontend_ready,"Source dependency of encoded E3/E4 support, not disappearance of an actor, issue, activity or social relation.",163
S158,宮古島地下水研究会 団体概要,organization_profile,1,0,0,remove source support; edge survives if any stated source remains,research_only,research,candidate,ai_seeded,not_frontend_ready,"Source dependency of encoded E3/E4 support, not disappearance of an actor, issue, activity or social relation.",164
S159,週刊金曜日 石垣島に軍事基地をつくらせない市民連絡会 2023年行动报道,news_magazine,0,0,0,remove source support; edge survives if any stated source remains,research_only,research,candidate,ai_seeded,not_frontend_ready,"Source dependency of encoded E3/E4 support, not disappearance of an actor, issue, activity or social relation.",165
S160,福岡高等裁判所那覇支部 令和5年（行コ）第6号 地位確認請求控訴事件判決（2024年3月12日）,court_record,0,0,0,remove source support; edge survives if any stated source remains,research_only,research,candidate,ai_seeded,not_frontend_ready,"Source dependency of encoded E3/E4 support, not disappearance of an actor, issue, activity or social relation.",166
S161,石垣市住民投票を求める裁判,legal_source,0,0,0,remove source support; edge survives if any stated source remains,research_only,research,candidate,ai_seeded,not_frontend_ready,"Source dependency of encoded E3/E4 support, not disappearance of an actor, issue, activity or social relation.",167
S162,国民保護計画の改正等を求める意見書,official_legislative_record,0,0,0,remove source support; edge survives if any stated source remains,research_only,research,candidate,ai_seeded,not_frontend_ready,"Source dependency of encoded E3/E4 support, not disappearance of an actor, issue, activity or social relation.",168
S163,令和3年第4回石垣市議会定例会議事日程,official_legislative_record,0,0,0,remove source support; edge survives if any stated source remains,research_only,research,candidate,ai_seeded,not_frontend_ready,"Source dependency of encoded E3/E4 support, not disappearance of an actor, issue, activity or social relation.",169
S164,石垣市自治基本条例の見直しについて（令和7年度第1回審議会資料）,local_official,0,0,0,remove source support; edge survives if any stated source remains,research_only,research,candidate,ai_seeded,not_frontend_ready,"Source dependency of encoded E3/E4 support, not disappearance of an actor, issue, activity or social relation.",170
S165,石垣市避難実施要領（案）概要,local_official,0,0,0,remove source support; edge survives if any stated source remains,research_only,research,candidate,ai_seeded,not_frontend_ready,"Source dependency of encoded E3/E4 support, not disappearance of an actor, issue, activity or social relation.",171
S166,平成31年 第2回石垣市議会(臨時会)の提出議案とその結果,official_legislative_record,0,0,0,remove source support; edge survives if any stated source remains,research_only,research,candidate,ai_seeded,not_frontend_ready,"Source dependency of encoded E3/E4 support, not disappearance of an actor, issue, activity or social relation.",172
S167,令和元年 第4回石垣市議会(定例会)の提出議案とその結果,official_legislative_record,0,0,0,remove source support; edge survives if any stated source remains,research_only,research,candidate,ai_seeded,not_frontend_ready,"Source dependency of encoded E3/E4 support, not disappearance of an actor, issue, activity or social relation.",173
S168,新しい島づくり計画（新市建設計画）第５章 新市の施策（後半）,local_official,0,0,0,remove source support; edge survives if any stated source remains,research_only,research,candidate,ai_seeded,not_frontend_ready,"Source dependency of encoded E3/E4 support, not disappearance of an actor, issue, activity or social relation.",174
S169,宮古島市国民保護計画,local_official,0,0,0,remove source support; edge survives if any stated source remains,research_only,research,candidate,ai_seeded,not_frontend_ready,"Source dependency of encoded E3/E4 support, not disappearance of an actor, issue, activity or social relation.",175
S170,沖縄県国民保護共同訓練に係る住民意見交換会 ご意見と回答,local_official,0,0,0,remove source support; edge survives if any stated source remains,research_only,research,candidate,ai_seeded,not_frontend_ready,"Source dependency of encoded E3/E4 support, not disappearance of an actor, issue, activity or social relation.",176
S171,その他の選挙（県民投票・市民投票）,local_official,0,0,0,remove source support; edge survives if any stated source remains,research_only,research,candidate,ai_seeded,not_frontend_ready,"Source dependency of encoded E3/E4 support, not disappearance of an actor, issue, activity or social relation.",177
S172,名護市における米軍のヘリポート基地建設の是非を問う市民投票結果（1997年12月21日執行）,local_official,0,0,0,remove source support; edge survives if any stated source remains,research_only,research,candidate,ai_seeded,not_frontend_ready,"Source dependency of encoded E3/E4 support, not disappearance of an actor, issue, activity or social relation.",178
S173,令和元年度沖縄振興特別推進交付金事業（市町村分）検証シート【公表用】（沖縄市）,official_project_report,0,0,0,remove source support; edge survives if any stated source remains,research_only,research,candidate,ai_seeded,not_frontend_ready,"Source dependency of encoded E3/E4 support, not disappearance of an actor, issue, activity or social relation.",179
S174,令和２年度沖縄振興特別推進交付金事業（市町村分）検証シート【公表用】（沖縄市）,official_project_report,0,0,0,remove source support; edge survives if any stated source remains,research_only,research,candidate,ai_seeded,not_frontend_ready,"Source dependency of encoded E3/E4 support, not disappearance of an actor, issue, activity or social relation.",180
S175,令和６年度沖縄振興特別推進交付金事業（市町村分）検証シート【公表用】（沖縄市）,official_project_report,0,0,0,remove source support; edge survives if any stated source remains,research_only,research,candidate,ai_seeded,not_frontend_ready,"Source dependency of encoded E3/E4 support, not disappearance of an actor, issue, activity or social relation.",181
S176,コザインターナショナルプラザ,local_official,0,0,0,remove source support; edge survives if any stated source remains,research_only,research,candidate,ai_seeded,not_frontend_ready,"Source dependency of encoded E3/E4 support, not disappearance of an actor, issue, activity or social relation.",182
S177,福岡高等裁判所 特別保存に付した事件（令和7年）,court_record,0,0,0,remove source support; edge survives if any stated source remains,research_only,research,candidate,ai_seeded,not_frontend_ready,"Source dependency of encoded E3/E4 support, not disappearance of an actor, issue, activity or social relation.",183
S178,那覇地方裁判所 特別保存に付した事件（令和３年度完結分）,court_record,0,0,0,remove source support; edge survives if any stated source remains,research_only,research,candidate,ai_seeded,not_frontend_ready,"Source dependency of encoded E3/E4 support, not disappearance of an actor, issue, activity or social relation.",184
S179,辺野古県民投票の民意とこれから－元山仁士郎さんに聞く,organization_event_report,0,0,0,remove source support; edge survives if any stated source remains,research_only,research,candidate,ai_seeded,not_frontend_ready,"Source dependency of encoded E3/E4 support, not disappearance of an actor, issue, activity or social relation.",185
S180,佐賀県（図上訓練、令和７年２月１２日）,national_official,0,0,0,remove source support; edge survives if any stated source remains,research_only,research,candidate,ai_seeded,not_frontend_ready,"Source dependency of encoded E3/E4 support, not disappearance of an actor, issue, activity or social relation.",186
S181,ONCの活動,organization_site,0,0,0,remove source support; edge survives if any stated source remains,research_only,research,candidate,ai_seeded,not_frontend_ready,"Source dependency of encoded E3/E4 support, not disappearance of an actor, issue, activity or social relation.",187
S182,石垣市住民投票を求める会が解散　６年間の活動を支えてくれた市民に感謝,local_news,0,0,0,remove source support; edge survives if any stated source remains,research_only,research,candidate,ai_seeded,not_frontend_ready,"Source dependency of encoded E3/E4 support, not disappearance of an actor, issue, activity or social relation.",188
S183,令和６年度　NPO等との協働実績調査結果,prefectural_official,0,0,0,remove source support; edge survives if any stated source remains,research_only,research,candidate,ai_seeded,not_frontend_ready,"Source dependency of encoded E3/E4 support, not disappearance of an actor, issue, activity or social relation.",189
S184,知事公室における随意契約の実績（令和6年度1／四半期分）,official_contract_record,0,0,0,remove source support; edge survives if any stated source remains,research_only,research,candidate,ai_seeded,not_frontend_ready,"Source dependency of encoded E3/E4 support, not disappearance of an actor, issue, activity or social relation.",190
S185,米軍基地関係特別委員会記録＜第1号＞（平成30年第4回沖縄県議会定例会閉会中）,official_legislative_record,2,0,0,remove source support; edge survives if any stated source remains,research_only,research,candidate,ai_seeded,not_frontend_ready,"Source dependency of encoded E3/E4 support, not disappearance of an actor, issue, activity or social relation.",191
S186,令和６年度第３回沖縄県多文化共生社会の構築に関する万国津梁会議 議事概要,official_meeting_minutes,0,0,0,remove source support; edge survives if any stated source remains,research_only,research,candidate,ai_seeded,not_frontend_ready,"Source dependency of encoded E3/E4 support, not disappearance of an actor, issue, activity or social relation.",192
S187,辺野古新基地建設問題の経緯,prefectural_official,0,0,0,remove source support; edge survives if any stated source remains,research_only,research,candidate,ai_seeded,not_frontend_ready,"Source dependency of encoded E3/E4 support, not disappearance of an actor, issue, activity or social relation.",193
S188,沖縄県公報 号外第43号（平成30年10月31日）—沖縄県条例第62号「辺野古米軍基地建設のための埋立ての賛否を問う県民投票条例」,official_gazette,0,0,0,remove source support; edge survives if any stated source remains,research_only,research,candidate,ai_seeded,not_frontend_ready,"Source dependency of encoded E3/E4 support, not disappearance of an actor, issue, activity or social relation.",194
S189,沖縄県公報 号外第17号（平成30年5月23日）—条例制定請求代表者証明書の交付（沖縄県告示第246号）,official_gazette,0,0,0,remove source support; edge survives if any stated source remains,research_only,research,candidate,ai_seeded,not_frontend_ready,"Source dependency of encoded E3/E4 support, not disappearance of an actor, issue, activity or social relation.",195
S190,沖縄県公報 号外第2号（平成31年1月31日）—沖縄県条例第1号「辺野古米軍基地建設のための埋立ての賛否を問う県民投票条例の一部を改正する条例」,official_gazette,0,0,0,remove source support; edge survives if any stated source remains,research_only,research,candidate,ai_seeded,not_frontend_ready,"Source dependency of encoded E3/E4 support, not disappearance of an actor, issue, activity or social relation.",196
S191,議会提案説明（平成30年第6回沖縄県議会臨時会）,official_legislative_record,0,0,0,remove source support; edge survives if any stated source remains,research_only,research,candidate,ai_seeded,not_frontend_ready,"Source dependency of encoded E3/E4 support, not disappearance of an actor, issue, activity or social relation.",197
S192,沖縄の米軍基地（平成15年3月）第13章「基地問題の沿革」,prefectural_official,1,0,0,remove source support; edge survives if any stated source remains,research_only,research,candidate,ai_seeded,not_frontend_ready,"Source dependency of encoded E3/E4 support, not disappearance of an actor, issue, activity or social relation.",198
S193,令和6年度沖縄県国民保護共同図上訓練の実施結果,prefectural_official,0,0,0,remove source support; edge survives if any stated source remains,research_only,research,candidate,ai_seeded,not_frontend_ready,"Source dependency of encoded E3/E4 support, not disappearance of an actor, issue, activity or social relation.",199
S194,石垣自衛隊基地建設／住民投票訴訟が敗訴／弁護団「国防の裁判で司法権独立せず」,local_news,0,0,0,remove source support; edge survives if any stated source remains,research_only,research,candidate,ai_seeded,not_frontend_ready,"Source dependency of encoded E3/E4 support, not disappearance of an actor, issue, activity or social relation.",200
S195,平成27年度施政方針,local_official,0,0,0,remove source support; edge survives if any stated source remains,research_only,research,candidate,ai_seeded,not_frontend_ready,"Source dependency of encoded E3/E4 support, not disappearance of an actor, issue, activity or social relation.",201
S196,国民保護計画,local_official,0,0,0,remove source support; edge survives if any stated source remains,research_only,research,candidate,ai_seeded,not_frontend_ready,"Source dependency of encoded E3/E4 support, not disappearance of an actor, issue, activity or social relation.",202
S197,平成30年第7回沖縄県議会（定例会）会議録 第2号（2018年10月19日）,official_legislative_record,0,0,0,remove source support; edge survives if any stated source remains,research_only,research,candidate,ai_seeded,not_frontend_ready,"Source dependency of encoded E3/E4 support, not disappearance of an actor, issue, activity or social relation.",203
S198,令和元年第4回沖縄県議会（定例会）会議録 第7号（2019年7月2日）,official_legislative_record,0,0,0,remove source support; edge survives if any stated source remains,research_only,research,candidate,ai_seeded,not_frontend_ready,"Source dependency of encoded E3/E4 support, not disappearance of an actor, issue, activity or social relation.",204
S199,公益財団法人おきなわ女性財団 公式サイト,foundation_site,0,0,0,remove source support; edge survives if any stated source remains,research_only,research,candidate,ai_seeded,not_frontend_ready,"Source dependency of encoded E3/E4 support, not disappearance of an actor, issue, activity or social relation.",205
S200,沖縄タイムス―女団協、米軍性暴力を受け県民大会開催へ,local_news,3,0,0,remove source support; edge survives if any stated source remains,research_only,research,candidate,ai_seeded,not_frontend_ready,"Source dependency of encoded E3/E4 support, not disappearance of an actor, issue, activity or social relation.",206
S202,ひめゆり平和祈念財団について,organization_site,0,0,0,remove source support; edge survives if any stated source remains,research_only,research,candidate,ai_seeded,not_frontend_ready,"Source dependency of encoded E3/E4 support, not disappearance of an actor, issue, activity or social relation.",207
S203,沖縄県サンゴ礁保全推進協議会 公式サイト,organization_site,0,0,0,remove source support; edge survives if any stated source remains,research_only,research,candidate,ai_seeded,not_frontend_ready,"Source dependency of encoded E3/E4 support, not disappearance of an actor, issue, activity or social relation.",208
S204,宮古島地下水研究会 公式サイト,organization_site,1,0,0,remove source support; edge survives if any stated source remains,research_only,research,candidate,ai_seeded,not_frontend_ready,"Source dependency of encoded E3/E4 support, not disappearance of an actor, issue, activity or social relation.",209
S205,資料館だより No.73,organization_report,0,0,0,remove source support; edge survives if any stated source remains,research_only,research,candidate,ai_seeded,not_frontend_ready,"Source dependency of encoded E3/E4 support, not disappearance of an actor, issue, activity or social relation.",210
S206,民間団体（女性団体等）のネットワーク（都道府県・政令指定都市）,government_report,0,0,0,remove source support; edge survives if any stated source remains,research_only,research,candidate,ai_seeded,not_frontend_ready,"Source dependency of encoded E3/E4 support, not disappearance of an actor, issue, activity or social relation.",211
S207,令和5年度 Womanちゅ応援宣言リーダー一覧,government_webpage,0,0,0,remove source support; edge survives if any stated source remains,research_only,research,candidate,ai_seeded,not_frontend_ready,"Source dependency of encoded E3/E4 support, not disappearance of an actor, issue, activity or social relation.",212
S208,事業計画・事業報告,foundation_program_record,0,0,0,remove source support; edge survives if any stated source remains,research_only,research,candidate,ai_seeded,not_frontend_ready,"Source dependency of encoded E3/E4 support, not disappearance of an actor, issue, activity or social relation.",213
S209,日米地位協定の見直しに係る諸団体の主な支援行動,government_webpage,0,0,0,remove source support; edge survives if any stated source remains,research_only,research,candidate,ai_seeded,not_frontend_ready,"Source dependency of encoded E3/E4 support, not disappearance of an actor, issue, activity or social relation.",214
S210,島の水や歴史学ぶ／自衛隊配備考える集会,local_news,0,0,0,remove source support; edge survives if any stated source remains,research_only,research,candidate,ai_seeded,not_frontend_ready,"Source dependency of encoded E3/E4 support, not disappearance of an actor, issue, activity or social relation.",215
S211,離島で初 石垣島と宮古島に支部結成,association_report,0,0,0,remove source support; edge survives if any stated source remains,research_only,research,candidate,ai_seeded,not_frontend_ready,"Source dependency of encoded E3/E4 support, not disappearance of an actor, issue, activity or social relation.",216
S212,宮古陸自配備に抗議 60人が集会とデモ行進,local_news,0,0,0,remove source support; edge survives if any stated source remains,research_only,research,candidate,ai_seeded,not_frontend_ready,"Source dependency of encoded E3/E4 support, not disappearance of an actor, issue, activity or social relation.",217
S213,NPO法人ピースメーカーズネットワーク,official_npo_portal,0,0,0,remove source support; edge survives if any stated source remains,research_only,research,candidate,ai_seeded,not_frontend_ready,"Source dependency of encoded E3/E4 support, not disappearance of an actor, issue, activity or social relation.",218
S214,2024年度事業報告書等,organization_filing,0,0,0,remove source support; edge survives if any stated source remains,research_only,research,candidate,ai_seeded,not_frontend_ready,"Source dependency of encoded E3/E4 support, not disappearance of an actor, issue, activity or social relation.",219
S215,辺野古埋め立て承認撤回シンポジウム,event_report,0,0,0,remove source support; edge survives if any stated source remains,research_only,research,candidate,ai_seeded,not_frontend_ready,"Source dependency of encoded E3/E4 support, not disappearance of an actor, issue, activity or social relation.",220
S216,環境の未来を考える会 行政入力情報,official_npo_portal,0,0,0,remove source support; edge survives if any stated source remains,research_only,research,candidate,ai_seeded,not_frontend_ready,"Source dependency of encoded E3/E4 support, not disappearance of an actor, issue, activity or social relation.",221
S217,2021年度事業報告書等,organization_filing,0,0,0,remove source support; edge survives if any stated source remains,research_only,research,candidate,ai_seeded,not_frontend_ready,"Source dependency of encoded E3/E4 support, not disappearance of an actor, issue, activity or social relation.",222
S218,宮古島自然緑化協会 行政入力情報,official_npo_portal,0,0,0,remove source support; edge survives if any stated source remains,research_only,research,candidate,ai_seeded,not_frontend_ready,"Source dependency of encoded E3/E4 support, not disappearance of an actor, issue, activity or social relation.",223
S219,NPO法人宮古島自然緑化協会,association_directory,0,0,0,remove source support; edge survives if any stated source remains,research_only,research,candidate,ai_seeded,not_frontend_ready,"Source dependency of encoded E3/E4 support, not disappearance of an actor, issue, activity or social relation.",224
S220,特定非営利活動法人美ぎ島宮古島,government_corporate_record,0,0,0,remove source support; edge survives if any stated source remains,research_only,research,candidate,ai_seeded,not_frontend_ready,"Source dependency of encoded E3/E4 support, not disappearance of an actor, issue, activity or social relation.",225
S221,NPO法人美ぎ島宮古島,organization_website,0,0,0,remove source support; edge survives if any stated source remains,research_only,research,candidate,ai_seeded,not_frontend_ready,"Source dependency of encoded E3/E4 support, not disappearance of an actor, issue, activity or social relation.",226
S222,沖縄県が実施するその他の事業（サンゴ礁保全再生）,government_report,0,0,0,remove source support; edge survives if any stated source remains,research_only,research,candidate,ai_seeded,not_frontend_ready,"Source dependency of encoded E3/E4 support, not disappearance of an actor, issue, activity or social relation.",227
S223,団体概要,organization_website,0,0,0,remove source support; edge survives if any stated source remains,research_only,research,candidate,ai_seeded,not_frontend_ready,"Source dependency of encoded E3/E4 support, not disappearance of an actor, issue, activity or social relation.",228
S224,漫湖周辺の自然再生エリアにおける調査発見型環境学習プログラム,funded_project_report,0,0,0,remove source support; edge survives if any stated source remains,research_only,research,candidate,ai_seeded,not_frontend_ready,"Source dependency of encoded E3/E4 support, not disappearance of an actor, issue, activity or social relation.",229
S225,民間参加型サンゴ礁生態系保全活動推進事業,government_webpage,0,0,0,remove source support; edge survives if any stated source remains,research_only,research,candidate,ai_seeded,not_frontend_ready,"Source dependency of encoded E3/E4 support, not disappearance of an actor, issue, activity or social relation.",230
S226,沖縄県サンゴ礁保全推進協議会設立の経緯,organization_website,0,0,0,remove source support; edge survives if any stated source remains,research_only,research,candidate,ai_seeded,not_frontend_ready,"Source dependency of encoded E3/E4 support, not disappearance of an actor, issue, activity or social relation.",231
S227,サンゴ礁ウィーク2024 実施要領,organization_program_document,0,0,0,remove source support; edge survives if any stated source remains,research_only,research,candidate,ai_seeded,not_frontend_ready,"Source dependency of encoded E3/E4 support, not disappearance of an actor, issue, activity or social relation.",232
S228,Turtle Island Restoration Network Form 990 public disclosure,organization_financial_filing,1,0,0,remove source support; edge survives if any stated source remains,research_only,research,candidate,ai_seeded,not_frontend_ready,"Source dependency of encoded E3/E4 support, not disappearance of an actor, issue, activity or social relation.",233
S229,"Opening Brief, Center for Biological Diversity et al. v. Esper",party_legal_filing,3,0,0,remove source support; edge survives if any stated source remains,research_only,research,candidate,ai_seeded,not_frontend_ready,"Source dependency of encoded E3/E4 support, not disappearance of an actor, issue, activity or social relation.",234
S230,概要｜世界版「平和の礎」を提案する会,organization_site,3,0,0,remove source support; edge survives if any stated source remains,research_only,research,candidate,ai_seeded,not_frontend_ready,"Source dependency of encoded E3/E4 support, not disappearance of an actor, issue, activity or social relation.",235
S231,特定非営利活動法人 沖縄平和協力センター（OPAC）,official_jica_partner_page,2,0,0,remove source support; edge survives if any stated source remains,research_only,research,candidate,ai_seeded,not_frontend_ready,"Source dependency of encoded E3/E4 support, not disappearance of an actor, issue, activity or social relation.",236
S232,沖縄県の平和希求の心をカンボジアの地雷対策に活かす草の根技術協力,official_jica_project_record,2,0,0,remove source support; edge survives if any stated source remains,research_only,research,candidate,ai_seeded,not_frontend_ready,"Source dependency of encoded E3/E4 support, not disappearance of an actor, issue, activity or social relation.",237
S233,各支部｜沖縄県教職員組合,organization_site_subunit_page,0,0,0,remove source support; edge survives if any stated source remains,research_only,research,candidate,ai_seeded,not_frontend_ready,"Source dependency of encoded E3/E4 support, not disappearance of an actor, issue, activity or social relation.",238
S235,連合沖縄2025新春の集いを開催,organization_action_record,2,0,0,remove source support; edge survives if any stated source remains,research_only,research,candidate,ai_seeded,not_frontend_ready,"Source dependency of encoded E3/E4 support, not disappearance of an actor, issue, activity or social relation.",239
S236,自治労とは？｜自治労沖縄県本部,organization_site,0,0,0,remove source support; edge survives if any stated source remains,research_only,research,candidate,ai_seeded,not_frontend_ready,"Source dependency of encoded E3/E4 support, not disappearance of an actor, issue, activity or social relation.",240
S237,止めよう「自衛隊配備」―70人の市民結集し結成会,local_newspaper,1,0,0,remove source support; edge survives if any stated source remains,research_only,research,candidate,ai_seeded,not_frontend_ready,"Source dependency of encoded E3/E4 support, not disappearance of an actor, issue, activity or social relation.",241
S238,反対派市民が署名提出／陸自配備,local_newspaper,0,0,0,remove source support; edge survives if any stated source remains,research_only,research,candidate,ai_seeded,not_frontend_ready,"Source dependency of encoded E3/E4 support, not disappearance of an actor, issue, activity or social relation.",242
S239,宮古島市議会 平成27年6月定例会会議録,official_legislative_record,1,0,0,remove source support; edge survives if any stated source remains,research_only,research,candidate,ai_seeded,not_frontend_ready,"Source dependency of encoded E3/E4 support, not disappearance of an actor, issue, activity or social relation.",243
S240,下地島への自衛隊配備に反対／平和運動連絡協,local_newspaper,1,0,0,remove source support; edge survives if any stated source remains,research_only,research,candidate,ai_seeded,not_frontend_ready,"Source dependency of encoded E3/E4 support, not disappearance of an actor, issue, activity or social relation.",244
S243,PFAS血中濃度調査へ 市民連絡会が拡大幹事会,organization_action_record,2,0,0,remove source support; edge survives if any stated source remains,research_only,research,candidate,ai_seeded,not_frontend_ready,"Source dependency of encoded E3/E4 support, not disappearance of an actor, issue, activity or social relation.",245
S244,陸自ミサイル配備計画「反対を」―知事や県議会に要請,main_local_newspaper,1,0,0,remove source support; edge survives if any stated source remains,research_only,research,candidate,ai_seeded,not_frontend_ready,"Source dependency of encoded E3/E4 support, not disappearance of an actor, issue, activity or social relation.",246
S246,第1回連続講座（2023.11.12）,organization_event_record,2,0,0,remove source support; edge survives if any stated source remains,research_only,research,candidate,ai_seeded,not_frontend_ready,"Source dependency of encoded E3/E4 support, not disappearance of an actor, issue, activity or social relation.",247
S247,声明・提言｜沖縄・琉球弧の声を届ける会,organization_statement,1,0,0,remove source support; edge survives if any stated source remains,research_only,research,candidate,ai_seeded,not_frontend_ready,"Source dependency of encoded E3/E4 support, not disappearance of an actor, issue, activity or social relation.",248
S248,平成26年版 選挙管理委員会年報,official_data,0,0,0,remove source support; edge survives if any stated source remains,research_only,research,candidate,ai_seeded,not_frontend_ready,"Source dependency of encoded E3/E4 support, not disappearance of an actor, issue, activity or social relation.",249
S249,きちきちニュースレター Vol.6（島ぐるみ会議結成）,organization_report,0,0,0,remove source support; edge survives if any stated source remains,research_only,research,candidate,ai_seeded,not_frontend_ready,"Source dependency of encoded E3/E4 support, not disappearance of an actor, issue, activity or social relation.",250
S250,翁長那覇市長に保革双方が出馬を要請,local_news,0,0,0,remove source support; edge survives if any stated source remains,research_only,research,candidate,ai_seeded,not_frontend_ready,"Source dependency of encoded E3/E4 support, not disappearance of an actor, issue, activity or social relation.",251
S251,翁長さんで新基地阻止／女性団体が出馬要請,party_news,0,0,0,remove source support; edge survives if any stated source remains,research_only,research,candidate,ai_seeded,not_frontend_ready,"Source dependency of encoded E3/E4 support, not disappearance of an actor, issue, activity or social relation.",252
S252,『新基地ノー』心一つ／沖縄知事選 女性29団体が集会,party_news,0,0,0,remove source support; edge survives if any stated source remains,research_only,research,candidate,ai_seeded,not_frontend_ready,"Source dependency of encoded E3/E4 support, not disappearance of an actor, issue, activity or social relation.",253
S253,第1回「ゆんたく」から始まった、沖縄・若者の抵抗（元山 仁士郎）,community_site,0,0,0,remove source support; edge survives if any stated source remains,research_only,research,candidate,ai_seeded,not_frontend_ready,"Source dependency of encoded E3/E4 support, not disappearance of an actor, issue, activity or social relation.",254
S254,談話：沖縄県知事選で圧勝の民意に応え、ただちに新基地建設中止を,organization_statement,1,0,0,remove source support; edge survives if any stated source remains,research_only,research,candidate,ai_seeded,not_frontend_ready,"Source dependency of encoded E3/E4 support, not disappearance of an actor, issue, activity or social relation.",255
S255,平成30年沖縄県知事選挙 特設ページ,official_data,0,0,0,remove source support; edge survives if any stated source remains,research_only,research,candidate,ai_seeded,not_frontend_ready,"Source dependency of encoded E3/E4 support, not disappearance of an actor, issue, activity or social relation.",256
S256,『知事、頑張れ』緊急集会で撤回表明に喜びと決意,local_news,0,0,0,remove source support; edge survives if any stated source remains,research_only,research,candidate,ai_seeded,not_frontend_ready,"Source dependency of encoded E3/E4 support, not disappearance of an actor, issue, activity or social relation.",257
S257,8.11県民大会（辺野古新基地建設断念要求）,organization_event_record,0,0,0,remove source support; edge survives if any stated source remains,research_only,research,candidate,ai_seeded,not_frontend_ready,"Source dependency of encoded E3/E4 support, not disappearance of an actor, issue, activity or social relation.",258
S258,沖縄県知事選 出遅れ危機感「結束優先」 玉城氏、出馬要請受諾,local_news,0,0,0,remove source support; edge survives if any stated source remains,research_only,research,candidate,ai_seeded,not_frontend_ready,"Source dependency of encoded E3/E4 support, not disappearance of an actor, issue, activity or social relation.",259
S259,主体的な主権者教育を育むための一考察―#みんなごと実践記録,academic_article,0,0,0,remove source support; edge survives if any stated source remains,research_only,research,candidate,ai_seeded,not_frontend_ready,"Source dependency of encoded E3/E4 support, not disappearance of an actor, issue, activity or social relation.",260
S260,声明：沖縄県知事選挙で歴史的勝利！新基地建設はただちに中止を,organization_statement,0,0,0,remove source support; edge survives if any stated source remains,research_only,research,candidate,ai_seeded,not_frontend_ready,"Source dependency of encoded E3/E4 support, not disappearance of an actor, issue, activity or social relation.",261
S261,【特設ページ】令和4年沖縄県知事選挙及び沖縄県議会議員補欠選挙,official_data,0,0,0,remove source support; edge survives if any stated source remains,research_only,research,candidate,ai_seeded,not_frontend_ready,"Source dependency of encoded E3/E4 support, not disappearance of an actor, issue, activity or social relation.",262
S262,沖縄県知事選、女性団体有志が玉城氏に出馬要請,local_news,0,0,0,remove source support; edge survives if any stated source remains,research_only,research,candidate,ai_seeded,not_frontend_ready,"Source dependency of encoded E3/E4 support, not disappearance of an actor, issue, activity or social relation.",263
S263,全国の連帯で平和な沖縄 沖縄県知事選集会ひらく,organization_action_record,0,0,0,remove source support; edge survives if any stated source remains,research_only,research,candidate,ai_seeded,not_frontend_ready,"Source dependency of encoded E3/E4 support, not disappearance of an actor, issue, activity or social relation.",264
S264,7月30日オンライン配信『復帰50年！新たな基地負担を許さない県民大会』,organization_event_record,0,0,0,remove source support; edge survives if any stated source remains,research_only,research,candidate,ai_seeded,not_frontend_ready,"Source dependency of encoded E3/E4 support, not disappearance of an actor, issue, activity or social relation.",265
S265,「知事選を前にいい発信ができた」と玉城デニー氏の与党 野党は一蹴「県民大会ではなく決起集会」,local_news,0,0,0,remove source support; edge survives if any stated source remains,research_only,research,candidate,ai_seeded,not_frontend_ready,"Source dependency of encoded E3/E4 support, not disappearance of an actor, issue, activity or social relation.",266
S266,沖縄県知事選挙―二度と戦場にしない平和で誇りある豊かな沖縄を,organization_statement,0,0,0,remove source support; edge survives if any stated source remains,research_only,research,candidate,ai_seeded,not_frontend_ready,"Source dependency of encoded E3/E4 support, not disappearance of an actor, issue, activity or social relation.",267
S267,候補者アンケートを基に沖縄知事選の争点考える,local_news,0,0,0,remove source support; edge survives if any stated source remains,research_only,research,candidate,ai_seeded,not_frontend_ready,"Source dependency of encoded E3/E4 support, not disappearance of an actor, issue, activity or social relation.",268
S268,優しい県政 デニーさんと／沖縄知事選必勝へ女性集会,party_news,0,0,0,remove source support; edge survives if any stated source remains,research_only,research,candidate,ai_seeded,not_frontend_ready,"Source dependency of encoded E3/E4 support, not disappearance of an actor, issue, activity or social relation.",269
S269,地下水の危機とは？,organization_site,2,0,0,remove source support; edge survives if any stated source remains,research_only,research,candidate,ai_seeded,not_frontend_ready,"Source dependency of encoded E3/E4 support, not disappearance of an actor, issue, activity or social relation.",270
S270,水道水源保全区域を宮古島市全域に拡大する理由,organization_program_document,4,0,0,remove source support; edge survives if any stated source remains,research_only,research,candidate,ai_seeded,not_frontend_ready,"Source dependency of encoded E3/E4 support, not disappearance of an actor, issue, activity or social relation.",271
S271,宮古島地下水研究会の見解に対する回答書,local_official,2,0,0,remove source support; edge survives if any stated source remains,research_only,research,candidate,ai_seeded,not_frontend_ready,"Source dependency of encoded E3/E4 support, not disappearance of an actor, issue, activity or social relation.",272
S272,宮古島の地下水施策 市長選立候補予定者の回答公表,local_news,0,0,0,remove source support; edge survives if any stated source remains,research_only,research,candidate,ai_seeded,not_frontend_ready,"Source dependency of encoded E3/E4 support, not disappearance of an actor, issue, activity or social relation.",273
S273,宜野湾市議会 福祉教育常任委員会審査記録（請願第1号）,official_legislative_record,4,0,0,remove source support; edge survives if any stated source remains,research_only,research,candidate,ai_seeded,not_frontend_ready,"Source dependency of encoded E3/E4 support, not disappearance of an actor, issue, activity or social relation.",274
S274,有機フッ素化合物PFOS及びPFOA汚染の対策を求める意見書,official_legislative_record,4,0,0,remove source support; edge survives if any stated source remains,research_only,research,candidate,ai_seeded,not_frontend_ready,"Source dependency of encoded E3/E4 support, not disappearance of an actor, issue, activity or social relation.",275
S275,学校敷地から化学物質PFOS 沖縄米軍基地に隣接 米基準の29倍,news,1,0,0,remove source support; edge survives if any stated source remains,research_only,research,candidate,ai_seeded,not_frontend_ready,"Source dependency of encoded E3/E4 support, not disappearance of an actor, issue, activity or social relation.",276
S276,米軍PFAS汚染で血液検査を要請 宜野湾ちゅら水会,local_news,2,0,0,remove source support; edge survives if any stated source remains,research_only,research,candidate,ai_seeded,not_frontend_ready,"Source dependency of encoded E3/E4 support, not disappearance of an actor, issue, activity or social relation.",277
S277,PFAS汚染 米軍との意見交換に市民の参加を,local_news,2,0,0,remove source support; edge survives if any stated source remains,research_only,research,candidate,ai_seeded,not_frontend_ready,"Source dependency of encoded E3/E4 support, not disappearance of an actor, issue, activity or social relation.",278
S278,泡が消えた後に残った白い粉からPFAS検出 宜野湾市のマンホール,news,1,0,0,remove source support; edge survives if any stated source remains,research_only,research,candidate,ai_seeded,not_frontend_ready,"Source dependency of encoded E3/E4 support, not disappearance of an actor, issue, activity or social relation.",279
S279,沖縄の米軍基地PFAS汚染／周辺住民の健康放置 地位協定などを議論／全国交流集会,party_news,0,0,0,remove source support; edge survives if any stated source remains,research_only,research,candidate,ai_seeded,not_frontend_ready,"Source dependency of encoded E3/E4 support, not disappearance of an actor, issue, activity or social relation.",280
S280,新婦人の紹介,organization_website,1,0,0,remove source support; edge survives if any stated source remains,research_only,research,candidate,ai_seeded,not_frontend_ready,"Source dependency of encoded E3/E4 support, not disappearance of an actor, issue, activity or social relation.",281
S281,沖縄米兵少女暴行事件とその隠蔽につよく抗議し根本的対策を求める要請,organization_statement,3,0,0,remove source support; edge survives if any stated source remains,research_only,research,candidate,ai_seeded,not_frontend_ready,"Source dependency of encoded E3/E4 support, not disappearance of an actor, issue, activity or social relation.",282
S282,沖縄県行政記録 平成20年,prefectural_official,3,0,0,remove source support; edge survives if any stated source remains,research_only,research,candidate,ai_seeded,not_frontend_ready,"Source dependency of encoded E3/E4 support, not disappearance of an actor, issue, activity or social relation.",283
S284,中央労働委員会命令書 沖縄セメント工業事件,legal_source,0,0,0,remove source support; edge survives if any stated source remains,research_only,research,candidate,ai_seeded,not_frontend_ready,"Source dependency of encoded E3/E4 support, not disappearance of an actor, issue, activity or social relation.",284
S285,争議行為の届出と予告,prefectural_official,0,0,0,remove source support; edge survives if any stated source remains,research_only,research,candidate,ai_seeded,not_frontend_ready,"Source dependency of encoded E3/E4 support, not disappearance of an actor, issue, activity or social relation.",285
S286,全港湾沖縄が安保法案反対訴え抗議集会,local_news,3,0,0,remove source support; edge survives if any stated source remains,research_only,research,candidate,ai_seeded,not_frontend_ready,"Source dependency of encoded E3/E4 support, not disappearance of an actor, issue, activity or social relation.",286
S287,米海軍ミサイル駆逐艦ラファエル・ペラルタ寄港反対決議,official_legislative_record,2,0,0,remove source support; edge survives if any stated source remains,research_only,research,candidate,ai_seeded,not_frontend_ready,"Source dependency of encoded E3/E4 support, not disappearance of an actor, issue, activity or social relation.",287
S288,第213回国会 参議院 政府開発援助等及び沖縄・北方問題に関する特別委員会 第5号 令和6年5月24日,official_legislative_record,3,0,0,remove source support; edge survives if any stated source remains,research_only,research,candidate,ai_seeded,not_frontend_ready,"Source dependency of encoded E3/E4 support, not disappearance of an actor, issue, activity or social relation.",288
S289,2025 5.15平和行進 全港湾沖縄地方本部報告,organization_report,3,0,0,remove source support; edge survives if any stated source remains,research_only,research,candidate,ai_seeded,not_frontend_ready,"Source dependency of encoded E3/E4 support, not disappearance of an actor, issue, activity or social relation.",289
S290,やいまタイム「今日の日の八重山の過去の主なできごと」（12月23日）,community_site,0,0,0,remove source support; edge survives if any stated source remains,research_only,research,candidate,ai_seeded,not_frontend_ready,"Source dependency of encoded E3/E4 support, not disappearance of an actor, issue, activity or social relation.",290
S291,陸自配備反対を決議 石垣、住民180人が緊急集会,local_news,0,0,0,remove source support; edge survives if any stated source remains,research_only,research,candidate,ai_seeded,not_frontend_ready,"Source dependency of encoded E3/E4 support, not disappearance of an actor, issue, activity or social relation.",291
S292,陸自配備で受け入れ表明 住民裏切りの石垣市長,magazine_news,0,0,0,remove source support; edge survives if any stated source remains,research_only,research,candidate,ai_seeded,not_frontend_ready,"Source dependency of encoded E3/E4 support, not disappearance of an actor, issue, activity or social relation.",292
S293,石垣島市政と陸自ミサイル部隊配備を語るバガケーラの集い,event_report,0,0,0,remove source support; edge survives if any stated source remains,research_only,research,candidate,ai_seeded,not_frontend_ready,"Source dependency of encoded E3/E4 support, not disappearance of an actor, issue, activity or social relation.",293
S294,"Militarizing a Border Island: Local Struggles Supporting and Opposing a Military Base Installation in Ishigaki Island, Okinawa",academic_presentation,0,0,0,remove source support; edge survives if any stated source remains,research_only,research,candidate,ai_seeded,not_frontend_ready,"Source dependency of encoded E3/E4 support, not disappearance of an actor, issue, activity or social relation.",294
S295,【FROM YWCA】基地に囲まれた沖縄－うちなんちゅの想い－,media_record,4,0,0,remove source support; edge survives if any stated source remains,research_only,research,candidate,ai_seeded,not_frontend_ready,"Source dependency of encoded E3/E4 support, not disappearance of an actor, issue, activity or social relation.",295
