canonical_endpoint_id,endpoint_display_name,recipient_domain,observation_count,all_observed_provider_ids,countable_direct_provider_ids,countable_direct_provider_count,distinct_countable_event_or_period_count,observation_ids,overlap_class,independent_multi_provider_status,confirmed_independent_multi_provider,fact_status,boundary
EP_AMBITIOUS,認定NPO法人アンビシャス,medical/welfare,2,X004,X004,1,2,ROI004;ROI008,same_provider_recurrence,no; repeated observations have one provider,no,lead_only,"Provider count is endpoint- and event-aware; indirect AWWA chains, near names and one joint event do not establish repeated independent inflows."
EP_ARU,一般社団法人ある（候选）,youth/welfare,2,X004;X018,X004,1,1,ROI003;ROI012,english_near_name_candidate,no; MTS label is multi-hop and identity is unresolved,no,lead_only,"Provider count is endpoint- and event-aware; indirect AWWA chains, near names and one joint event do not establish repeated independent inflows."
EP_HESHIKIYA_PROVISIONAL,平敷屋地区の放課後児童クラブ（正式名称未确认）,child/education,4,NODE_CFAO;NODE_CFAO_CPOA;NODE_VP9;X005,NODE_CFAO;NODE_CFAO_CPOA;NODE_VP9;X005,4,1,ROI015;ROI016;ROI017;ROI018,same_event_joint_contribution,no; four contributors belong to one joint event,no,lead_only,"Provider count is endpoint- and event-aware; indirect AWWA chains, near names and one joint event do not establish repeated independent inflows."
EP_HIMAWARI,石垣市障がい児通所支援事業所ひまわり,child/welfare,2,X004,X004,1,2,ROI005;ROI009,same_provider_recurrence,no; repeated observations have one provider,no,lead_only,"Provider count is endpoint- and event-aware; indirect AWWA chains, near names and one joint event do not establish repeated independent inflows."
EP_KANA,かなさん沖縄,child/family medical care,2,X004,X004,1,2,ROI001;ROI007,same_provider_recurrence,no; repeated observations have one provider,no,lead_only,"Provider count is endpoint- and event-aware; indirect AWWA chains, near names and one joint event do not establish repeated independent inflows."
EP_NANBU_REHAB,沖縄南部療育医療センター,medical/welfare,1,X004,X004,1,1,ROI002,single_provider,no; only one direct provider is observed,no,lead_only,"Provider count is endpoint- and event-aware; indirect AWWA chains, near names and one joint event do not establish repeated independent inflows."
EP_OKI_HANDS,一般社団法人Ｏｋｉ Ｈａｎｄｓ Ｏｋｉ Ｈｅａｒｔｓ,welfare/community,1,X018,X018,1,1,ROI014,single_provider,no; only one direct provider is observed,no,lead_only,"Provider count is endpoint- and event-aware; indirect AWWA chains, near names and one joint event do not establish repeated independent inflows."
EP_SOUTHERN_MEDICAL,沖縄県立南部医療センター・こども医療センター,medical/child,1,X004,X004,1,1,ROI006,single_provider,no; only one direct provider is observed,no,lead_only,"Provider count is endpoint- and event-aware; indirect AWWA chains, near names and one joint event do not establish repeated independent inflows."
EP_TINSAKU,沖縄小児在宅医療基金 てぃんさぐの会,medical/child,1,X018,X018,1,1,ROI013,single_provider,no; only one direct provider is observed,no,lead_only,"Provider count is endpoint- and event-aware; indirect AWWA chains, near names and one joint event do not establish repeated independent inflows."
EP_URUMA_WELFARE,社会福祉法人うるま市社会福祉協議会,welfare,1,X004,X004,1,1,ROI011,single_provider,no; only one direct provider is observed,no,lead_only,"Provider count is endpoint- and event-aware; indirect AWWA chains, near names and one joint event do not establish repeated independent inflows."
EP_YOMITAN_QUEGOEN,よみたん救護園,welfare,1,X004,X004,1,1,ROI010,single_provider,no; only one direct provider is observed,no,lead_only,"Provider count is endpoint- and event-aware; indirect AWWA chains, near names and one joint event do not establish repeated independent inflows."
