receipt_id,publisher,title,source_family,url,retrieved_at,artifact_path,sha256,mime_type,exact_locator,archive_status,independence_role,supports_rows,boundary_note
L2-SR001,かなさん沖縄,"ご寄付いただき、ありがとうございます",recipient_organization_site,"https://kanasanokinawa.com/news/%E3%81%94%E5%AF%84%E4%BB%98%E3%81%84%E3%81%9F%E3%81%A0%E3%81%8D%E3%80%81%E3%81%82%E3%82%8A%E3%81%8C%E3%81%A8%E3%81%86%E3%81%94%E3%81%96%E3%81%84%E3%81%BE%E3%81%99/",2026-08-22T19:34:36+08:00,outputs/us_presence_network_wave2_leg2_originals_v1/artifacts/recipient/kanasan_awwa_acknowledgment_20230424.html,36ad50a1153123911a9d55151767bc3ae0c0ae912ce3c066a45593fe89ba1529,text/html,"local HTML lines 267,277-282: 2023-04-20 presentation/exchange; direct receipt; goodwill; photo-exhibition use",archived_sha256,recipient_original,EA001;RE001,"Recipient original supports response and intended use but gives no amount; it does not close the AWWA USD 15,287 filing row."
L2-SR002,かなさん沖縄,かなさん写真展2023募集チラシ,recipient_organization_flyer,"https://kanasanokinawa.com/wp-content/uploads/2023/06/%E3%81%8B%E3%81%AA%E3%81%95%E3%82%93%E5%86%99%E7%9C%9F%E5%B1%952023-%E5%86%99%E7%9C%9F%E5%8B%9F%E9%9B%86%E3%83%81%E3%83%A9%E3%82%B7.pdf",2026-08-22T19:34:36+08:00,outputs/us_presence_network_wave2_leg2_originals_v1/artifacts/recipient/kanasan_awwa_flyer_2023.pdf,65f724ee1984f08d0fb8c4cde23d8b6f4210bab6ff26ca0b220bf9b2afc0ce05,application/pdf,"p.1: photo exhibition operated with AWWA donation",archived_sha256,recipient_original,EA001;RE002,"Corroborates practical use; no donation amount or ledger identifier appears."
L2-SR003,認定NPO法人アンビシャス,難病情報誌アンビシャス253号,recipient_publication,https://www.ambitious.or.jp/magazine/253/,2026-08-22T19:34:36+08:00,outputs/us_presence_network_wave2_leg2_originals_v1/artifacts/recipient/ambitious_magazine_253.html,c66aa6dc25edc995081ca0ae7a8a33501e71e74a4689e218ee8f7288236a00bb,text/html,"local HTML lines 187-195: 2023 luncheon; past practical support; explicit Okinawa-U.S. bridge wording",archived_sha256,recipient_original,EA002;RE004,"Recipient narrative is strong LEG2 evidence but remains distinct from LEG3 and from the later JPY 2m action."
L2-SR004,認定NPO法人アンビシャス,難病情報誌アンビシャス264号,recipient_publication,https://www.ambitious.or.jp/magazine/264/,2026-08-22T19:34:36+08:00,outputs/us_presence_network_wave2_leg2_originals_v1/artifacts/recipient/ambitious_magazine_264.html,f4ffbce726be564d6b69bacc1f28a01805c945d5110eb112ac67b50726007d26,text/html,"local HTML lines 191-198: JPY 2m; 33 portable power units; six lending points including Miyako and Ishigaki",archived_sha256,recipient_original,EA002;RE005,"Closes a 2024 recipient-side action and use, not the AWWA USD 13,423 tax-period row."
L2-SR005,認定NPO法人アンビシャス,アンビシャス会報誌Vol.264 PDF,recipient_publication_pdf,https://www.ambitious.or.jp/userfiles/files/page/magazine/264.pdf,2026-08-22T19:34:36+08:00,outputs/us_presence_network_wave2_leg2_originals_v1/artifacts/recipient/ambitious_magazine_264.pdf,4dedb8db3d28b1f6311944a8c8c2ff4e4fedb059f6594527335c3ff042abb3ae,application/pdf,"p.4 image: same JPY 2m / 33-unit report as issue 264 HTML",archived_sha256,recipient_original,EA002;RE005,"Byte-level original for visual verification; it does not add an independent source."
L2-SR006,認定NPO法人アンビシャス,難病情報誌アンビシャス127号,recipient_publication,https://www.ambitious.or.jp/magazine/127/,2026-08-22T19:34:36+08:00,outputs/us_presence_network_wave2_leg2_originals_v1/artifacts/recipient/ambitious_magazine_127.html,f03dce8a6dac6b073e42b79a0b3829f719c622152ba7b4d32056a8b71b20b12d,text/html,"local HTML lines 195-201: 2012 eligibility visit and recipient-side account of AWWA history; lines 248-249 are a separate signed commentary",archived_sha256,recipient_original_with_separate_signed_column,EA002;RE003;UF-L2-001,"The 2012 organizational report and the separate signed commentary must not be fused; the cumulative JPY claim is not independently verified here."
L2-SR007,認定NPO法人アンビシャス,2024年度活動報告,recipient_annual_report,https://www.ambitious.or.jp/userfiles/files/Activty2024.pdf,2026-08-22T19:34:36+08:00,outputs/us_presence_network_wave2_leg2_originals_v1/artifacts/recipient/ambitious_activity_2024.pdf,8a96aaac5a793f05e5de73f35493cc4c0132e4bd25d6f1d73fd0c06ceb88563b,application/pdf,"pp.10,22: portable batteries and historical AWWA-supported newsletter color printing",archived_sha256,recipient_original,EA002;RE006,"Annual report corroborates practical use and organizational memory; it is not a donor ledger."
L2-SR008,石垣市社会福祉協議会,社協通信2024年11月,recipient_operator_newsletter,https://ros-cdn.s3.ap-northeast-1.amazonaws.com/hp/img/ros_keiyaku/14586/shakyo_2411.pdf,2026-08-22T19:34:36+08:00,outputs/us_presence_network_wave2_leg2_originals_v1/artifacts/recipient/ishigaki_shakyo_news_202411.pdf,ffb922e2a800625adac4b7f979e73839eb7cd582c9fd839ab1eaba0f4daa140f,application/pdf,"p.3: 2024-08-09 AWWA presentation; JPY 2m; prior exchange with Himawari",archived_sha256,recipient_operator_original,EA003;RE008,"Supports receipt and exchange; no stated use of this cash and no closure to the earlier USD 13,378 filing row."
L2-SR009,琉球新報,停電時も人工呼吸器使用可能に,independent_local_news,https://ryukyushimpo.jp/news/national/entry-3159307.html,2026-08-22T19:34:36+08:00,outputs/us_presence_network_wave2_leg2_originals_v1/artifacts/recipient/ryukyu_ambitious_awwa_20240604.html,bae44d4381bc217b78338ccb74d1f185da148736a51a8debd833b4104783443d,text/html,"local HTML lines 507-519: JPY 2m; 33 units; named downstream placements; direct ToiToi representative quote",archived_sha256,independent_local_media_with_downstream_recipient_quote,EA002;RE007,"Independent corroboration and a quoted local response; still not an attitude-effect design."
