observation_id,source_module,source_record_id,reference_id,reference_kind,existing_main_source_id,title,url,evidence_level,metadata_review_status,relation_or_claim_approved,approval_provenance_scope,interpretation_limit
HET_AEV0001,AEV_HR015,AEV0001,S003,main_source,S003,67団体がジュゴンの生息地辺野古への基地建設反対に共同声明,https://www.wwf.or.jp/activities/statement/3436.html,E4,ai_seeded,no,reused_existing_formal_observation__no_new_approval,"Provenance crosswalk only; source presence does not create a new event, alliance, causal claim, funding relation, or political stance."
HET_AEV0002,AEV_HR015,AEV0002,S003,main_source,S003,67団体がジュゴンの生息地辺野古への基地建設反対に共同声明,https://www.wwf.or.jp/activities/statement/3436.html,E4,ai_seeded,no,reused_existing_formal_observation__no_new_approval,"Provenance crosswalk only; source presence does not create a new event, alliance, causal claim, funding relation, or political stance."
HET_AEV0003,AEV_HR015,AEV0003,S003,main_source,S003,67団体がジュゴンの生息地辺野古への基地建設反対に共同声明,https://www.wwf.or.jp/activities/statement/3436.html,E4,ai_seeded,no,reused_existing_formal_observation__no_new_approval,"Provenance crosswalk only; source presence does not create a new event, alliance, causal claim, funding relation, or political stance."
HET_AEV0004,AEV_HR015,AEV0004,S003,main_source,S003,67団体がジュゴンの生息地辺野古への基地建設反対に共同声明,https://www.wwf.or.jp/activities/statement/3436.html,E4,ai_seeded,no,reused_existing_formal_observation__no_new_approval,"Provenance crosswalk only; source presence does not create a new event, alliance, causal claim, funding relation, or political stance."
HET_AEV0005,AEV_HR015,AEV0005,S003,main_source,S003,67団体がジュゴンの生息地辺野古への基地建設反対に共同声明,https://www.wwf.or.jp/activities/statement/3436.html,E4,ai_seeded,no,reused_existing_formal_observation__no_new_approval,"Provenance crosswalk only; source presence does not create a new event, alliance, causal claim, funding relation, or political stance."
HET_AEV0006,AEV_HR015,AEV0006,S004,main_source,S004,辺野古の海を守れ NGO 31団体が緊急共同声明,https://www.nacsj.or.jp/statement/50827/,E4,ai_seeded,no,reused_existing_formal_observation__no_new_approval,"Provenance crosswalk only; source presence does not create a new event, alliance, causal claim, funding relation, or political stance."
HET_AEV0007,AEV_HR015,AEV0007,S004,main_source,S004,辺野古の海を守れ NGO 31団体が緊急共同声明,https://www.nacsj.or.jp/statement/50827/,E4,ai_seeded,no,reused_existing_formal_observation__no_new_approval,"Provenance crosswalk only; source presence does not create a new event, alliance, causal claim, funding relation, or political stance."
HET_AEV0008,AEV_HR015,AEV0008,S004,main_source,S004,辺野古の海を守れ NGO 31団体が緊急共同声明,https://www.nacsj.or.jp/statement/50827/,E4,ai_seeded,no,reused_existing_formal_observation__no_new_approval,"Provenance crosswalk only; source presence does not create a new event, alliance, causal claim, funding relation, or political stance."
HET_AEV0009,AEV_HR015,AEV0009,S004,main_source,S004,辺野古の海を守れ NGO 31団体が緊急共同声明,https://www.nacsj.or.jp/statement/50827/,E4,ai_seeded,no,reused_existing_formal_observation__no_new_approval,"Provenance crosswalk only; source presence does not create a new event, alliance, causal claim, funding relation, or political stance."
HET_AEV0010,AEV_HR015,AEV0010,S004,main_source,S004,辺野古の海を守れ NGO 31団体が緊急共同声明,https://www.nacsj.or.jp/statement/50827/,E4,ai_seeded,no,reused_existing_formal_observation__no_new_approval,"Provenance crosswalk only; source presence does not create a new event, alliance, causal claim, funding relation, or political stance."
HET_AEV0011,AEV_HR015,AEV0011,S004,main_source,S004,辺野古の海を守れ NGO 31団体が緊急共同声明,https://www.nacsj.or.jp/statement/50827/,E4,ai_seeded,no,reused_existing_formal_observation__no_new_approval,"Provenance crosswalk only; source presence does not create a new event, alliance, causal claim, funding relation, or political stance."
HET_AEV0012,AEV_HR015,AEV0012,S004,main_source,S004,辺野古の海を守れ NGO 31団体が緊急共同声明,https://www.nacsj.or.jp/statement/50827/,E4,ai_seeded,no,reused_existing_formal_observation__no_new_approval,"Provenance crosswalk only; source presence does not create a new event, alliance, causal claim, funding relation, or political stance."
HET_AEV0013,AEV_HR015,AEV0013,S004,main_source,S004,辺野古の海を守れ NGO 31団体が緊急共同声明,https://www.nacsj.or.jp/statement/50827/,E4,ai_seeded,no,reused_existing_formal_observation__no_new_approval,"Provenance crosswalk only; source presence does not create a new event, alliance, causal claim, funding relation, or political stance."
HET_AEV0014,AEV_HR015,AEV0014,S004,main_source,S004,辺野古の海を守れ NGO 31団体が緊急共同声明,https://www.nacsj.or.jp/statement/50827/,E4,ai_seeded,no,reused_existing_formal_observation__no_new_approval,"Provenance crosswalk only; source presence does not create a new event, alliance, causal claim, funding relation, or political stance."
HET_AEV0015,AEV_HR015,AEV0015,S004,main_source,S004,辺野古の海を守れ NGO 31団体が緊急共同声明,https://www.nacsj.or.jp/statement/50827/,E4,ai_seeded,no,reused_existing_formal_observation__no_new_approval,"Provenance crosswalk only; source presence does not create a new event, alliance, causal claim, funding relation, or political stance."
HET_AEV0016,AEV_HR015,AEV0016,S004,main_source,S004,辺野古の海を守れ NGO 31団体が緊急共同声明,https://www.nacsj.or.jp/statement/50827/,E4,ai_seeded,no,reused_existing_formal_observation__no_new_approval,"Provenance crosswalk only; source presence does not create a new event, alliance, causal claim, funding relation, or political stance."
HET_AEV0017,AEV_HR015,AEV0017,S004,main_source,S004,辺野古の海を守れ NGO 31団体が緊急共同声明,https://www.nacsj.or.jp/statement/50827/,E4,ai_seeded,no,reused_existing_formal_observation__no_new_approval,"Provenance crosswalk only; source presence does not create a new event, alliance, causal claim, funding relation, or political stance."
HET_AEV0018,AEV_HR015,AEV0018,S004,main_source,S004,辺野古の海を守れ NGO 31団体が緊急共同声明,https://www.nacsj.or.jp/statement/50827/,E4,ai_seeded,no,reused_existing_formal_observation__no_new_approval,"Provenance crosswalk only; source presence does not create a new event, alliance, causal claim, funding relation, or political stance."
HET_AEV0019,AEV_HR015,AEV0019,S004,main_source,S004,辺野古の海を守れ NGO 31団体が緊急共同声明,https://www.nacsj.or.jp/statement/50827/,E4,ai_seeded,no,reused_existing_formal_observation__no_new_approval,"Provenance crosswalk only; source presence does not create a new event, alliance, causal claim, funding relation, or political stance."
HET_AEV0020,AEV_HR015,AEV0020,S004,main_source,S004,辺野古の海を守れ NGO 31団体が緊急共同声明,https://www.nacsj.or.jp/statement/50827/,E4,ai_seeded,no,reused_existing_formal_observation__no_new_approval,"Provenance crosswalk only; source presence does not create a new event, alliance, causal claim, funding relation, or political stance."
HET_AEV0021,AEV_HR015,AEV0021,S004,main_source,S004,辺野古の海を守れ NGO 31団体が緊急共同声明,https://www.nacsj.or.jp/statement/50827/,E4,ai_seeded,no,reused_existing_formal_observation__no_new_approval,"Provenance crosswalk only; source presence does not create a new event, alliance, causal claim, funding relation, or political stance."
HET_AEV0022,AEV_HR015,AEV0022,S004,main_source,S004,辺野古の海を守れ NGO 31団体が緊急共同声明,https://www.nacsj.or.jp/statement/50827/,E4,ai_seeded,no,reused_existing_formal_observation__no_new_approval,"Provenance crosswalk only; source presence does not create a new event, alliance, causal claim, funding relation, or political stance."
HET_AEV0023,AEV_HR015,AEV0023,S004,main_source,S004,辺野古の海を守れ NGO 31団体が緊急共同声明,https://www.nacsj.or.jp/statement/50827/,E4,ai_seeded,no,reused_existing_formal_observation__no_new_approval,"Provenance crosswalk only; source presence does not create a new event, alliance, causal claim, funding relation, or political stance."
HET_AEV0024,AEV_HR015,AEV0024,S004,main_source,S004,辺野古の海を守れ NGO 31団体が緊急共同声明,https://www.nacsj.or.jp/statement/50827/,E4,ai_seeded,no,reused_existing_formal_observation__no_new_approval,"Provenance crosswalk only; source presence does not create a new event, alliance, causal claim, funding relation, or political stance."
HET_AEV0025,AEV_HR015,AEV0025,S004,main_source,S004,辺野古の海を守れ NGO 31団体が緊急共同声明,https://www.nacsj.or.jp/statement/50827/,E4,ai_seeded,no,reused_existing_formal_observation__no_new_approval,"Provenance crosswalk only; source presence does not create a new event, alliance, causal claim, funding relation, or political stance."
HET_AEV0026,AEV_HR015,AEV0026,S004,main_source,S004,辺野古の海を守れ NGO 31団体が緊急共同声明,https://www.nacsj.or.jp/statement/50827/,E4,ai_seeded,no,reused_existing_formal_observation__no_new_approval,"Provenance crosswalk only; source presence does not create a new event, alliance, causal claim, funding relation, or political stance."
HET_AEV0027,AEV_HR015,AEV0027,S004,main_source,S004,辺野古の海を守れ NGO 31団体が緊急共同声明,https://www.nacsj.or.jp/statement/50827/,E4,ai_seeded,no,reused_existing_formal_observation__no_new_approval,"Provenance crosswalk only; source presence does not create a new event, alliance, causal claim, funding relation, or political stance."
HET_AEV0028,AEV_HR015,AEV0028,S004,main_source,S004,辺野古の海を守れ NGO 31団体が緊急共同声明,https://www.nacsj.or.jp/statement/50827/,E4,ai_seeded,no,reused_existing_formal_observation__no_new_approval,"Provenance crosswalk only; source presence does not create a new event, alliance, causal claim, funding relation, or political stance."
HET_AEV0029,AEV_HR015,AEV0029,S004,main_source,S004,辺野古の海を守れ NGO 31団体が緊急共同声明,https://www.nacsj.or.jp/statement/50827/,E4,ai_seeded,no,reused_existing_formal_observation__no_new_approval,"Provenance crosswalk only; source presence does not create a new event, alliance, causal claim, funding relation, or political stance."
HET_AEV0030,AEV_HR015,AEV0030,S004,main_source,S004,辺野古の海を守れ NGO 31団体が緊急共同声明,https://www.nacsj.or.jp/statement/50827/,E4,ai_seeded,no,reused_existing_formal_observation__no_new_approval,"Provenance crosswalk only; source presence does not create a new event, alliance, causal claim, funding relation, or political stance."
HET_AEV0031,AEV_HR015,AEV0031,S004,main_source,S004,辺野古の海を守れ NGO 31団体が緊急共同声明,https://www.nacsj.or.jp/statement/50827/,E4,ai_seeded,no,reused_existing_formal_observation__no_new_approval,"Provenance crosswalk only; source presence does not create a new event, alliance, causal claim, funding relation, or political stance."
HET_AEV0032,AEV_HR015,AEV0032,S004,main_source,S004,辺野古の海を守れ NGO 31団体が緊急共同声明,https://www.nacsj.or.jp/statement/50827/,E4,ai_seeded,no,reused_existing_formal_observation__no_new_approval,"Provenance crosswalk only; source presence does not create a new event, alliance, causal claim, funding relation, or political stance."
HET_AEV0033,AEV_HR015,AEV0033,S004,main_source,S004,辺野古の海を守れ NGO 31団体が緊急共同声明,https://www.nacsj.or.jp/statement/50827/,E4,ai_seeded,no,reused_existing_formal_observation__no_new_approval,"Provenance crosswalk only; source presence does not create a new event, alliance, causal claim, funding relation, or political stance."
HET_AEV0034,AEV_HR015,AEV0034,S006,main_source,S006,OEJP 71 organizations MMC request,https://okinawaejp.blogspot.com/2020/07/,E4,ai_seeded,no,reused_existing_formal_observation__no_new_approval,"Provenance crosswalk only; source presence does not create a new event, alliance, causal claim, funding relation, or political stance."
HET_AEV0035,AEV_HR015,AEV0035,S006,main_source,S006,OEJP 71 organizations MMC request,https://okinawaejp.blogspot.com/2020/07/,E4,ai_seeded,no,reused_existing_formal_observation__no_new_approval,"Provenance crosswalk only; source presence does not create a new event, alliance, causal claim, funding relation, or political stance."
HET_AEV0036,AEV_HR015,AEV0036,S006,main_source,S006,OEJP 71 organizations MMC request,https://okinawaejp.blogspot.com/2020/07/,E4,ai_seeded,no,reused_existing_formal_observation__no_new_approval,"Provenance crosswalk only; source presence does not create a new event, alliance, causal claim, funding relation, or political stance."
HET_AEV0037,AEV_HR015,AEV0037,S006,main_source,S006,OEJP 71 organizations MMC request,https://okinawaejp.blogspot.com/2020/07/,E4,ai_seeded,no,reused_existing_formal_observation__no_new_approval,"Provenance crosswalk only; source presence does not create a new event, alliance, causal claim, funding relation, or political stance."
HET_AEV0038,AEV_HR015,AEV0038,S006,main_source,S006,OEJP 71 organizations MMC request,https://okinawaejp.blogspot.com/2020/07/,E4,ai_seeded,no,reused_existing_formal_observation__no_new_approval,"Provenance crosswalk only; source presence does not create a new event, alliance, causal claim, funding relation, or political stance."
HET_AEV0039,AEV_HR015,AEV0039,S006,main_source,S006,OEJP 71 organizations MMC request,https://okinawaejp.blogspot.com/2020/07/,E4,ai_seeded,no,reused_existing_formal_observation__no_new_approval,"Provenance crosswalk only; source presence does not create a new event, alliance, causal claim, funding relation, or political stance."
HET_AEV0040,AEV_HR015,AEV0040,S006,main_source,S006,OEJP 71 organizations MMC request,https://okinawaejp.blogspot.com/2020/07/,E4,ai_seeded,no,reused_existing_formal_observation__no_new_approval,"Provenance crosswalk only; source presence does not create a new event, alliance, causal claim, funding relation, or political stance."
HET_AEV0041,AEV_HR015,AEV0041,S006,main_source,S006,OEJP 71 organizations MMC request,https://okinawaejp.blogspot.com/2020/07/,E4,ai_seeded,no,reused_existing_formal_observation__no_new_approval,"Provenance crosswalk only; source presence does not create a new event, alliance, causal claim, funding relation, or political stance."
HET_AEV0042,AEV_HR015,AEV0042,S006,main_source,S006,OEJP 71 organizations MMC request,https://okinawaejp.blogspot.com/2020/07/,E4,ai_seeded,no,reused_existing_formal_observation__no_new_approval,"Provenance crosswalk only; source presence does not create a new event, alliance, causal claim, funding relation, or political stance."
HET_AEV0043,AEV_HR015,AEV0043,S006,main_source,S006,OEJP 71 organizations MMC request,https://okinawaejp.blogspot.com/2020/07/,E4,ai_seeded,no,reused_existing_formal_observation__no_new_approval,"Provenance crosswalk only; source presence does not create a new event, alliance, causal claim, funding relation, or political stance."
HET_AEV0044,AEV_HR015,AEV0044,S006,main_source,S006,OEJP 71 organizations MMC request,https://okinawaejp.blogspot.com/2020/07/,E4,ai_seeded,no,reused_existing_formal_observation__no_new_approval,"Provenance crosswalk only; source presence does not create a new event, alliance, causal claim, funding relation, or political stance."
HET_AEV0045,AEV_HR015,AEV0045,S060,main_source,S060,Earthjustice 2003 Okinawa Dugong lawsuit press release,https://earthjustice.org/press/2003/us-japanese-conservation-groups-join-in-legal-effort-to-save-okinawa-dugong-from-extinction,E4,human_verified,no,reused_existing_formal_observation__no_new_approval,"Provenance crosswalk only; source presence does not create a new event, alliance, causal claim, funding relation, or political stance."
HET_AEV0046,AEV_HR015,AEV0046,S060,main_source,S060,Earthjustice 2003 Okinawa Dugong lawsuit press release,https://earthjustice.org/press/2003/us-japanese-conservation-groups-join-in-legal-effort-to-save-okinawa-dugong-from-extinction,E4,human_verified,no,reused_existing_formal_observation__no_new_approval,"Provenance crosswalk only; source presence does not create a new event, alliance, causal claim, funding relation, or political stance."
HET_AEV0047,AEV_HR015,AEV0047,S061,main_source,S061,JELF Okinawa Dugong NHPA lawsuit plaintiff material,https://www.jelf-justice.org/base_issue/post-1430/,E4,human_verified,no,reused_existing_formal_observation__no_new_approval,"Provenance crosswalk only; source presence does not create a new event, alliance, causal claim, funding relation, or political stance."
HET_AEV0048,AEV_HR015,AEV0048,S060,main_source,S060,Earthjustice 2003 Okinawa Dugong lawsuit press release,https://earthjustice.org/press/2003/us-japanese-conservation-groups-join-in-legal-effort-to-save-okinawa-dugong-from-extinction,E4,human_verified,no,reused_existing_formal_observation__no_new_approval,"Provenance crosswalk only; source presence does not create a new event, alliance, causal claim, funding relation, or political stance."
HET_AEV0049,AEV_HR015,AEV0049,S009,main_source,S009,Earthjustice dugong litigation explainer,https://earthjustice.org/article/fighting-to-protect-the-dugongs-of-japan-s-henoko-bay,E4,human_revised,no,reused_existing_formal_observation__no_new_approval,"Provenance crosswalk only; source presence does not create a new event, alliance, causal claim, funding relation, or political stance."
HET_AEV0050,AEV_HR015,AEV0050,S025,main_source,S025,辺野古米軍基地建設のための埋立ての賛否を問う県民投票 結果,https://www.city.nago.okinawa.jp/kurashi/2019020300029/,E4,verified,no,reused_existing_formal_observation__no_new_approval,"Provenance crosswalk only; source presence does not create a new event, alliance, causal claim, funding relation, or political stance."
HET_AEV0051,AEV_HR015,AEV0051,S042,main_source,S042,名護市民投票 基地建設反対が多数,https://www.city.nago.okinawa.jp/kurashi/2018071900226/,E4,ai_seeded,no,reused_existing_formal_observation__no_new_approval,"Provenance crosswalk only; source presence does not create a new event, alliance, causal claim, funding relation, or political stance."
HET_AEV0052,AEV_HR015,AEV0052,S018,main_source,S018,石垣市 住民投票条例案 市議会で否決,https://www.qab.co.jp/news/20190202110874.html,E3,ai_seeded,no,reused_existing_formal_observation__no_new_approval,"Provenance crosswalk only; source presence does not create a new event, alliance, causal claim, funding relation, or political stance."
HET_AEV0053,AEV_HR015,AEV0053,S069,main_source,S069,週刊金曜日 自衛隊配備賛否を問う与那国島住民投票 反対派は選挙過程も疑問視,http://www.kinyobi.co.jp/kinyobinews/2015/03/11/,E2,human_verified,no,reused_existing_formal_observation__no_new_approval,"Provenance crosswalk only; source presence does not create a new event, alliance, causal claim, funding relation, or political stance."
HET_AEV0054,AEV_HR015,AEV0054,S015,main_source,S015,与那国に自衛隊いらない 配備反対の意見広告呼びかけ,https://www.jcp.or.jp/akahata/aik12/2012-08-31/2012083115_02_1.html,E2,needs_second_source,no,reused_existing_formal_observation__no_new_approval,"Provenance crosswalk only; source presence does not create a new event, alliance, causal claim, funding relation, or political stance."
HET_AEV0055,AEV_HR015,AEV0055,S060,main_source,S060,Earthjustice 2003 Okinawa Dugong lawsuit press release,https://earthjustice.org/press/2003/us-japanese-conservation-groups-join-in-legal-effort-to-save-okinawa-dugong-from-extinction,E4,human_verified,no,reused_existing_formal_observation__no_new_approval,"Provenance crosswalk only; source presence does not create a new event, alliance, causal claim, funding relation, or political stance."
HET_AEV0056,AEV_HR015,AEV0056,S060,main_source,S060,Earthjustice 2003 Okinawa Dugong lawsuit press release,https://earthjustice.org/press/2003/us-japanese-conservation-groups-join-in-legal-effort-to-save-okinawa-dugong-from-extinction,E4,human_verified,no,reused_existing_formal_observation__no_new_approval,"Provenance crosswalk only; source presence does not create a new event, alliance, causal claim, funding relation, or political stance."
HET_AEV0057,AEV_HR015,AEV0057,S060,main_source,S060,Earthjustice 2003 Okinawa Dugong lawsuit press release,https://earthjustice.org/press/2003/us-japanese-conservation-groups-join-in-legal-effort-to-save-okinawa-dugong-from-extinction,E4,human_verified,no,reused_existing_formal_observation__no_new_approval,"Provenance crosswalk only; source presence does not create a new event, alliance, causal claim, funding relation, or political stance."
HET_AEV0058,AEV_HR015,AEV0058,S093,main_source,S093,Okinawa Dugong v Rumsfeld docket USCOURTS-cand-3_03-cv-04350,https://www.govinfo.gov/content/pkg/USCOURTS-cand-3_03-cv-04350/pdf/USCOURTS-cand-3_03-cv-04350-16.pdf,E4,ai_seeded,no,reused_existing_formal_observation__no_new_approval,"Provenance crosswalk only; source presence does not create a new event, alliance, causal claim, funding relation, or political stance."
HET_AEV0059,AEV_HR015,AEV0059,S060,main_source,S060,Earthjustice 2003 Okinawa Dugong lawsuit press release,https://earthjustice.org/press/2003/us-japanese-conservation-groups-join-in-legal-effort-to-save-okinawa-dugong-from-extinction,E4,human_verified,no,reused_existing_formal_observation__no_new_approval,"Provenance crosswalk only; source presence does not create a new event, alliance, causal claim, funding relation, or political stance."
HET_AEV0060,AEV_HR015,AEV0060,S060,main_source,S060,Earthjustice 2003 Okinawa Dugong lawsuit press release,https://earthjustice.org/press/2003/us-japanese-conservation-groups-join-in-legal-effort-to-save-okinawa-dugong-from-extinction,E4,human_verified,no,reused_existing_formal_observation__no_new_approval,"Provenance crosswalk only; source presence does not create a new event, alliance, causal claim, funding relation, or political stance."
HET_AEV0065,AEV_HR015,AEV0065,S200,main_source,S200,沖縄タイムス―女団協、米軍性暴力を受け県民大会開催へ,https://www.okinawatimes.co.jp/articles/-/1474162,E4,human_checked,no,reused_existing_formal_observation__no_new_approval,"Provenance crosswalk only; source presence does not create a new event, alliance, causal claim, funding relation, or political stance."
HET_AEV0066,AEV_HR015,AEV0066,S147,main_source,S147,QAB『沖縄を再び戦場にさせない「県民平和大集会」』,https://www.qab.co.jp/news/20231123193623.html,E4,human_checked,no,reused_existing_formal_observation__no_new_approval,"Provenance crosswalk only; source presence does not create a new event, alliance, causal claim, funding relation, or political stance."
HET_AEV0067,AEV_HR015,AEV0067,S152,main_source,S152,第4次嘉手納基地爆音差止訴訟 提訴说明,https://ameblo.jp/hibikilaw-staff/entry-12727218527.html,E3,human_checked,no,reused_existing_formal_observation__no_new_approval,"Provenance crosswalk only; source presence does not create a new event, alliance, causal claim, funding relation, or political stance."
HET_R8R001,R8_HR014,R8R001,S128,main_source,S128,Center for Biological Diversity v. Mattis No. 15-15695 opinion,https://cdn.ca9.uscourts.gov/datastore/opinions/2017/08/21/15-15695.pdf,E4,ai_seeded,no,reused_existing_formal_observation__no_new_approval,"Provenance crosswalk only; source presence does not create a new event, alliance, causal claim, funding relation, or political stance."
HET_R8R001,R8_HR014,R8R001,S129,main_source,S129,Center for Biological Diversity v. Esper No. 18-16836 opinion,https://cdn.ca9.uscourts.gov/datastore/opinions/2020/05/06/18-16836.pdf,E4,ai_seeded,no,reused_existing_formal_observation__no_new_approval,"Provenance crosswalk only; source presence does not create a new event, alliance, causal claim, funding relation, or political stance."
HET_R8R002,R8_HR014,R8R002,S128,main_source,S128,Center for Biological Diversity v. Mattis No. 15-15695 opinion,https://cdn.ca9.uscourts.gov/datastore/opinions/2017/08/21/15-15695.pdf,E4,ai_seeded,no,reused_existing_formal_observation__no_new_approval,"Provenance crosswalk only; source presence does not create a new event, alliance, causal claim, funding relation, or political stance."
HET_R8R003,R8_HR014,R8R003,S128,main_source,S128,Center for Biological Diversity v. Mattis No. 15-15695 opinion,https://cdn.ca9.uscourts.gov/datastore/opinions/2017/08/21/15-15695.pdf,E4,ai_seeded,no,reused_existing_formal_observation__no_new_approval,"Provenance crosswalk only; source presence does not create a new event, alliance, causal claim, funding relation, or political stance."
HET_R8R003,R8_HR014,R8R003,S062,main_source,S062,Earthjustice Okinawa Dugong case page,https://earthjustice.org/case/okinawa-dugong-proposed-airbase,E4,human_verified,no,reused_existing_formal_observation__no_new_approval,"Provenance crosswalk only; source presence does not create a new event, alliance, causal claim, funding relation, or political stance."
HET_R8R004,R8_HR014,R8R004,S128,main_source,S128,Center for Biological Diversity v. Mattis No. 15-15695 opinion,https://cdn.ca9.uscourts.gov/datastore/opinions/2017/08/21/15-15695.pdf,E4,ai_seeded,no,reused_existing_formal_observation__no_new_approval,"Provenance crosswalk only; source presence does not create a new event, alliance, causal claim, funding relation, or political stance."
HET_R8R004,R8_HR014,R8R004,S062,main_source,S062,Earthjustice Okinawa Dugong case page,https://earthjustice.org/case/okinawa-dugong-proposed-airbase,E4,human_verified,no,reused_existing_formal_observation__no_new_approval,"Provenance crosswalk only; source presence does not create a new event, alliance, causal claim, funding relation, or political stance."
HET_R8R005,R8_HR014,R8R005,S062,main_source,S062,Earthjustice Okinawa Dugong case page,https://earthjustice.org/case/okinawa-dugong-proposed-airbase,E4,human_verified,no,reused_existing_formal_observation__no_new_approval,"Provenance crosswalk only; source presence does not create a new event, alliance, causal claim, funding relation, or political stance."
HET_R8R006,R8_HR014,R8R006,S128,main_source,S128,Center for Biological Diversity v. Mattis No. 15-15695 opinion,https://cdn.ca9.uscourts.gov/datastore/opinions/2017/08/21/15-15695.pdf,E4,ai_seeded,no,reused_existing_formal_observation__no_new_approval,"Provenance crosswalk only; source presence does not create a new event, alliance, causal claim, funding relation, or political stance."
HET_R8R006,R8_HR014,R8R006,S062,main_source,S062,Earthjustice Okinawa Dugong case page,https://earthjustice.org/case/okinawa-dugong-proposed-airbase,E4,human_verified,no,reused_existing_formal_observation__no_new_approval,"Provenance crosswalk only; source presence does not create a new event, alliance, causal claim, funding relation, or political stance."
HET_R8R007,R8_HR014,R8R007,S093,main_source,S093,Okinawa Dugong v Rumsfeld docket USCOURTS-cand-3_03-cv-04350,https://www.govinfo.gov/content/pkg/USCOURTS-cand-3_03-cv-04350/pdf/USCOURTS-cand-3_03-cv-04350-16.pdf,E4,ai_seeded,no,reused_existing_formal_observation__no_new_approval,"Provenance crosswalk only; source presence does not create a new event, alliance, causal claim, funding relation, or political stance."
HET_R8R007,R8_HR014,R8R007,S128,main_source,S128,Center for Biological Diversity v. Mattis No. 15-15695 opinion,https://cdn.ca9.uscourts.gov/datastore/opinions/2017/08/21/15-15695.pdf,E4,ai_seeded,no,reused_existing_formal_observation__no_new_approval,"Provenance crosswalk only; source presence does not create a new event, alliance, causal claim, funding relation, or political stance."
HET_R8R008,R8_HR014,R8R008,S131,main_source,S131,「普天間飛行場代替施設建設事業に係る環境影響評価書（補正後）」への意見,https://www.nacsj.or.jp/statement/50946/,E4,ai_seeded,no,reused_existing_formal_observation__no_new_approval,"Provenance crosswalk only; source presence does not create a new event, alliance, causal claim, funding relation, or political stance."
HET_R8R008,R8_HR014,R8R008,S132,main_source,S132,普天間飛行場代替施設建設事業に係る環境影響評価方法書に対する意見,https://www.nacsj.or.jp/statement/51098/,E4,ai_seeded,no,reused_existing_formal_observation__no_new_approval,"Provenance crosswalk only; source presence does not create a new event, alliance, causal claim, funding relation, or political stance."
HET_R8R009,R8_HR014,R8R009,S130,main_source,S130,普天間飛行場代替施設建設事業に係る環境影響評価書（補正後） publication hub,https://www.mod.go.jp/rdb/okinawa/effort/base/evaluation/hyoukayouyaku.html,E4,ai_seeded,no,reused_existing_formal_observation__no_new_approval,"Provenance crosswalk only; source presence does not create a new event, alliance, causal claim, funding relation, or political stance."
HET_R8R010,R8_HR014,R8R010,S130,main_source,S130,普天間飛行場代替施設建設事業に係る環境影響評価書（補正後） publication hub,https://www.mod.go.jp/rdb/okinawa/effort/base/evaluation/hyoukayouyaku.html,E4,ai_seeded,no,reused_existing_formal_observation__no_new_approval,"Provenance crosswalk only; source presence does not create a new event, alliance, causal claim, funding relation, or political stance."
HET_R8R010,R8_HR014,R8R010,S131,main_source,S131,「普天間飛行場代替施設建設事業に係る環境影響評価書（補正後）」への意見,https://www.nacsj.or.jp/statement/50946/,E4,ai_seeded,no,reused_existing_formal_observation__no_new_approval,"Provenance crosswalk only; source presence does not create a new event, alliance, causal claim, funding relation, or political stance."
HET_R8R011,R8_HR014,R8R011,S133,main_source,S133,Third Kadena Air Base noise injunction appeal judgment,https://www.courts.go.jp/assets/hanrei/hanrei-pdf-88988.pdf,E4,ai_seeded,no,reused_existing_formal_observation__no_new_approval,"Provenance crosswalk only; source presence does not create a new event, alliance, causal claim, funding relation, or political stance."
HET_R8R012,R8_HR014,R8R012,S134,main_source,S134,爆音響く 第三次嘉手納基地爆音差止訴訟の記録 2011.4-2022.3 総集編,https://ndlsearch.ndl.go.jp/books/R100000002-I032624657,E3,ai_seeded,no,reused_existing_formal_observation__no_new_approval,"Provenance crosswalk only; source presence does not create a new event, alliance, causal claim, funding relation, or political stance."
HET_R8R013,R8_HR014,R8R013,S134,main_source,S134,爆音響く 第三次嘉手納基地爆音差止訴訟の記録 2011.4-2022.3 総集編,https://ndlsearch.ndl.go.jp/books/R100000002-I032624657,E3,ai_seeded,no,reused_existing_formal_observation__no_new_approval,"Provenance crosswalk only; source presence does not create a new event, alliance, causal claim, funding relation, or political stance."
HET_R8R014,R8_HR014,R8R014,S133,main_source,S133,Third Kadena Air Base noise injunction appeal judgment,https://www.courts.go.jp/assets/hanrei/hanrei-pdf-88988.pdf,E4,ai_seeded,no,reused_existing_formal_observation__no_new_approval,"Provenance crosswalk only; source presence does not create a new event, alliance, causal claim, funding relation, or political stance."
HET_R8R015,R8_HR014,R8R015,S135,main_source,S135,令和4年3月10日 普天間飛行場周辺損害賠償請求事件判決,https://www.courts.go.jp/assets/hanrei/hanrei-pdf-91354.pdf,E4,ai_seeded,no,reused_existing_formal_observation__no_new_approval,"Provenance crosswalk only; source presence does not create a new event, alliance, causal claim, funding relation, or political stance."
HET_R8R016,R8_HR014,R8R016,S136,main_source,S136,「普天間基地爆音訴訟団」のホームページができました,https://okinawagodo.org/blog/1230/,E4,ai_seeded,no,reused_existing_formal_observation__no_new_approval,"Provenance crosswalk only; source presence does not create a new event, alliance, causal claim, funding relation, or political stance."
HET_R8R017,R8_HR014,R8R017,S136,main_source,S136,「普天間基地爆音訴訟団」のホームページができました,https://okinawagodo.org/blog/1230/,E4,ai_seeded,no,reused_existing_formal_observation__no_new_approval,"Provenance crosswalk only; source presence does not create a new event, alliance, causal claim, funding relation, or political stance."
HET_R8R018,R8_HR014,R8R018,S135,main_source,S135,令和4年3月10日 普天間飛行場周辺損害賠償請求事件判決,https://www.courts.go.jp/assets/hanrei/hanrei-pdf-91354.pdf,E4,ai_seeded,no,reused_existing_formal_observation__no_new_approval,"Provenance crosswalk only; source presence does not create a new event, alliance, causal claim, funding relation, or political stance."
HET_R8R019,R8_HR014,R8R019,S137,main_source,S137,石垣市住民投票実施義務付け等請求事件判決,https://www.courts.go.jp/app/files/hanrei_jp/731/089731_hanrei.pdf,E4,ai_seeded,no,reused_existing_formal_observation__no_new_approval,"Provenance crosswalk only; source presence does not create a new event, alliance, causal claim, funding relation, or political stance."
HET_R8R020,R8_HR014,R8R020,S138,main_source,S138,石垣市平得大俣地域への陸上自衛隊配備計画の賛否を問う住民投票条例に係る議会審議の結果,https://www.city.ishigaki.okinawa.jp/jieiteikannrenn/news/3615.html,E4,ai_seeded,no,reused_existing_formal_observation__no_new_approval,"Provenance crosswalk only; source presence does not create a new event, alliance, causal claim, funding relation, or political stance."
HET_R8R020,R8_HR014,R8R020,S139,main_source,S139,在外日本人国民審査権確認等請求事件最高裁判決を踏まえた原告ら代理人の意見,https://ishigaki-tohyo.com/wp-content/uploads/2022/07/%E5%9C%A8%E5%A4%96%E6%97%A5%E6%9C%AC%E4%BA%BA%E5%9B%BD%E6%B0%91%E5%AF%A9%E6%9F%BB%E6%A8%A9%E7%A2%BA%E8%AA%8D%E7%AD%89%E8%AB%8B%E6%B1%82%E4%BA%8B%E4%BB%B6%E6%9C%80%E9%AB%98%E8%A3%81%E5%88%A4%E6%89%80%E5%A4%A7%E6%B3%95%E5%BB%B7%E5%88%A4%E6%B1%BA%E3%82%92%E8%B8%8F%E3%81%BE%E3%81%88%E3%81%9F-1.pdf,E4,ai_seeded,no,reused_existing_formal_observation__no_new_approval,"Provenance crosswalk only; source presence does not create a new event, alliance, causal claim, funding relation, or political stance."
HET_R8R021,R8_HR014,R8R021,S139,main_source,S139,在外日本人国民審査権確認等請求事件最高裁判決を踏まえた原告ら代理人の意見,https://ishigaki-tohyo.com/wp-content/uploads/2022/07/%E5%9C%A8%E5%A4%96%E6%97%A5%E6%9C%AC%E4%BA%BA%E5%9B%BD%E6%B0%91%E5%AF%A9%E6%9F%BB%E6%A8%A9%E7%A2%BA%E8%AA%8D%E7%AD%89%E8%AB%8B%E6%B1%82%E4%BA%8B%E4%BB%B6%E6%9C%80%E9%AB%98%E8%A3%81%E5%88%A4%E6%89%80%E5%A4%A7%E6%B3%95%E5%BB%B7%E5%88%A4%E6%B1%BA%E3%82%92%E8%B8%8F%E3%81%BE%E3%81%88%E3%81%9F-1.pdf,E4,ai_seeded,no,reused_existing_formal_observation__no_new_approval,"Provenance crosswalk only; source presence does not create a new event, alliance, causal claim, funding relation, or political stance."
HET_R8R022,R8_HR014,R8R022,S137,main_source,S137,石垣市住民投票実施義務付け等請求事件判決,https://www.courts.go.jp/app/files/hanrei_jp/731/089731_hanrei.pdf,E4,ai_seeded,no,reused_existing_formal_observation__no_new_approval,"Provenance crosswalk only; source presence does not create a new event, alliance, causal claim, funding relation, or political stance."
HET_R8R023,R8_HR014,R8R023,S140,main_source,S140,泡瀬干潟埋立公金支出差止等請求事件判決,https://www.courts.go.jp/assets/hanrei/hanrei-pdf-37115.pdf,E4,ai_seeded,no,reused_existing_formal_observation__no_new_approval,"Provenance crosswalk only; source presence does not create a new event, alliance, causal claim, funding relation, or political stance."
HET_R8R023,R8_HR014,R8R023,S142,main_source,S142,第2次泡瀬干潟埋立住民訴訟の上告棄却に関する原告と弁護団の声明,https://www.jelf-justice.org/?p=1114,E4,ai_seeded,no,reused_existing_formal_observation__no_new_approval,"Provenance crosswalk only; source presence does not create a new event, alliance, causal claim, funding relation, or political stance."
HET_R8R024,R8_HR014,R8R024,S142,main_source,S142,第2次泡瀬干潟埋立住民訴訟の上告棄却に関する原告と弁護団の声明,https://www.jelf-justice.org/?p=1114,E4,ai_seeded,no,reused_existing_formal_observation__no_new_approval,"Provenance crosswalk only; source presence does not create a new event, alliance, causal claim, funding relation, or political stance."
HET_R8R025,R8_HR014,R8R025,S142,main_source,S142,第2次泡瀬干潟埋立住民訴訟の上告棄却に関する原告と弁護団の声明,https://www.jelf-justice.org/?p=1114,E4,ai_seeded,no,reused_existing_formal_observation__no_new_approval,"Provenance crosswalk only; source presence does not create a new event, alliance, causal claim, funding relation, or political stance."
HET_R8R026,R8_HR014,R8R026,S142,main_source,S142,第2次泡瀬干潟埋立住民訴訟の上告棄却に関する原告と弁護団の声明,https://www.jelf-justice.org/?p=1114,E4,ai_seeded,no,reused_existing_formal_observation__no_new_approval,"Provenance crosswalk only; source presence does not create a new event, alliance, causal claim, funding relation, or political stance."
HET_R8R027,R8_HR014,R8R027,S140,main_source,S140,泡瀬干潟埋立公金支出差止等請求事件判決,https://www.courts.go.jp/assets/hanrei/hanrei-pdf-37115.pdf,E4,ai_seeded,no,reused_existing_formal_observation__no_new_approval,"Provenance crosswalk only; source presence does not create a new event, alliance, causal claim, funding relation, or political stance."
HET_R8R027,R8_HR014,R8R027,S143,main_source,S143,平成19年度沖縄県訟務年報,https://www.pref.okinawa.jp/_res/projects/default_project/_page_/001/016/473/syoumu_nenpou_h19.pdf,E4,ai_seeded,no,reused_existing_formal_observation__no_new_approval,"Provenance crosswalk only; source presence does not create a new event, alliance, causal claim, funding relation, or political stance."
HET_R9ST001,R9_FORMAL_STAGE,R9ST001,R9S001,r9_module_source,,沖縄の米軍基地・基地問題の沿革（1997年部分）,https://www.pref.okinawa.jp/kititaisaku/DP-08-13.pdf,E4,qa_verified,no,reused_existing_formal_observation__no_new_approval,"Provenance crosswalk only; source presence does not create a new event, alliance, causal claim, funding relation, or political stance."
HET_R9ST002,R9_FORMAL_STAGE,R9ST002,R9S001,r9_module_source,,沖縄の米軍基地・基地問題の沿革（1997年部分）,https://www.pref.okinawa.jp/kititaisaku/DP-08-13.pdf,E4,qa_verified,no,reused_existing_formal_observation__no_new_approval,"Provenance crosswalk only; source presence does not create a new event, alliance, causal claim, funding relation, or political stance."
HET_R9ST003,R9_FORMAL_STAGE,R9ST003,R9S001,r9_module_source,,沖縄の米軍基地・基地問題の沿革（1997年部分）,https://www.pref.okinawa.jp/kititaisaku/DP-08-13.pdf,E4,qa_verified,no,reused_existing_formal_observation__no_new_approval,"Provenance crosswalk only; source presence does not create a new event, alliance, causal claim, funding relation, or political stance."
HET_R9ST004,R9_FORMAL_STAGE,R9ST004,R9S003,r9_module_source,,その他の選挙（県民投票・市民投票）,https://www.city.nago.okinawa.jp/kurashi/2018071901216/,E4,qa_verified,no,reused_existing_formal_observation__no_new_approval,"Provenance crosswalk only; source presence does not create a new event, alliance, causal claim, funding relation, or political stance."
HET_R9ST004,R9_FORMAL_STAGE,R9ST004,R9S022,r9_module_source,,1997年12月21日名護市民投票結果,https://www.city.nago.okinawa.jp/kurashi/2018071901216/file_contents/19971221simintouhyou.xls,E4,qa_verified,no,reused_existing_formal_observation__no_new_approval,"Provenance crosswalk only; source presence does not create a new event, alliance, causal claim, funding relation, or political stance."
HET_R9ST005,R9_FORMAL_STAGE,R9ST005,R9S022,r9_module_source,,1997年12月21日名護市民投票結果,https://www.city.nago.okinawa.jp/kurashi/2018071901216/file_contents/19971221simintouhyou.xls,E4,qa_verified,no,reused_existing_formal_observation__no_new_approval,"Provenance crosswalk only; source presence does not create a new event, alliance, causal claim, funding relation, or political stance."
HET_R9ST006,R9_FORMAL_STAGE,R9ST006,R9S002,r9_module_source,S042,移設問題の動向（年表）,https://www.city.nago.okinawa.jp/kurashi/2018071900226/,E4,qa_verified,no,reused_existing_formal_observation__no_new_approval,"Provenance crosswalk only; source presence does not create a new event, alliance, causal claim, funding relation, or political stance."
HET_R9ST008,R9_FORMAL_STAGE,R9ST008,R9S005,r9_module_source,S071,与那国島への自衛隊基地建設の民意を問う住民投票条例,https://greenaccess.law.osaka-u.ac.jp/archives/7214,E3,qa_verified,no,reused_existing_formal_observation__no_new_approval,"Provenance crosswalk only; source presence does not create a new event, alliance, causal claim, funding relation, or political stance."
HET_R9ST009,R9_FORMAL_STAGE,R9ST009,R9S005,r9_module_source,S071,与那国島への自衛隊基地建設の民意を問う住民投票条例,https://greenaccess.law.osaka-u.ac.jp/archives/7214,E3,qa_verified,no,reused_existing_formal_observation__no_new_approval,"Provenance crosswalk only; source presence does not create a new event, alliance, causal claim, funding relation, or political stance."
HET_R9ST011,R9_FORMAL_STAGE,R9ST011,R9S005,r9_module_source,S071,与那国島への自衛隊基地建設の民意を問う住民投票条例,https://greenaccess.law.osaka-u.ac.jp/archives/7214,E3,qa_verified,no,reused_existing_formal_observation__no_new_approval,"Provenance crosswalk only; source presence does not create a new event, alliance, causal claim, funding relation, or political stance."
HET_R9ST013,R9_FORMAL_STAGE,R9ST013,R9S006,r9_module_source,,平成27年度 与那国町施政方針,https://www.town.yonaguni.okinawa.jp/docs/2018041100076/file_contents/H27siseihousin.pdf,E4,qa_verified,no,reused_existing_formal_observation__no_new_approval,"Provenance crosswalk only; source presence does not create a new event, alliance, causal claim, funding relation, or political stance."
HET_R9ST014,R9_FORMAL_STAGE,R9ST014,R9S021,r9_module_source,,辺野古県民投票の民意とこれから・元山仁士郎講座記録,https://www.ichikawa-fusae.or.jp/20210313-1/,E3,qa_verified,no,reused_existing_formal_observation__no_new_approval,"Provenance crosswalk only; source presence does not create a new event, alliance, causal claim, funding relation, or political stance."
HET_R9ST014,R9_FORMAL_STAGE,R9ST014,R9S030,r9_module_source,,沖縄県議会軍特委員会記録 県民投票条例請求代表者参考人,https://www.pref.okinawa.jp/_res/projects/default_project/_page_/001/021/212/h301002gun-1.pdf,E4,qa_verified,no,reused_existing_formal_observation__no_new_approval,"Provenance crosswalk only; source presence does not create a new event, alliance, causal claim, funding relation, or political stance."
HET_R9ST014,R9_FORMAL_STAGE,R9ST014,R9S031,r9_module_source,,沖縄県公報号外第17号 条例制定請求代表者証明書,https://www.pref.okinawa.jp/kenkouhou/H30/5gatsu/180523gogai17.pdf,E4,qa_verified,no,reused_existing_formal_observation__no_new_approval,"Provenance crosswalk only; source presence does not create a new event, alliance, causal claim, funding relation, or political stance."
HET_R9ST015,R9_FORMAL_STAGE,R9ST015,R9S013,r9_module_source,,沖縄県議会会議録・県民投票条例直接請求,https://www2.pref.okinawa.jp/oki/Gikairep1.nsf/GoZentai/20180703000000,E4,qa_verified,no,reused_existing_formal_observation__no_new_approval,"Provenance crosswalk only; source presence does not create a new event, alliance, causal claim, funding relation, or political stance."
HET_R9ST016,R9_FORMAL_STAGE,R9ST016,R9S009,r9_module_source,,平成30年第6回沖縄県議会臨時会 提案説明,https://www.pref.okinawa.jp/kensei/kencho/1001519/1001591/1018974/1018988.html,E4,qa_verified,no,reused_existing_formal_observation__no_new_approval,"Provenance crosswalk only; source presence does not create a new event, alliance, causal claim, funding relation, or political stance."
HET_R9ST016,R9_FORMAL_STAGE,R9ST016,R9S030,r9_module_source,,沖縄県議会軍特委員会記録 県民投票条例請求代表者参考人,https://www.pref.okinawa.jp/_res/projects/default_project/_page_/001/021/212/h301002gun-1.pdf,E4,qa_verified,no,reused_existing_formal_observation__no_new_approval,"Provenance crosswalk only; source presence does not create a new event, alliance, causal claim, funding relation, or political stance."
HET_R9ST016,R9_FORMAL_STAGE,R9ST016,R9S031,r9_module_source,,沖縄県公報号外第17号 条例制定請求代表者証明書,https://www.pref.okinawa.jp/kenkouhou/H30/5gatsu/180523gogai17.pdf,E4,qa_verified,no,reused_existing_formal_observation__no_new_approval,"Provenance crosswalk only; source presence does not create a new event, alliance, causal claim, funding relation, or political stance."
HET_R9ST017,R9_FORMAL_STAGE,R9ST017,R9S010,r9_module_source,,沖縄県公報号外第43号・県民投票条例第62号,https://www.pref.okinawa.jp/kenkouhou/H30/10gatsu/181031gogai43.pdf,E4,qa_verified,no,reused_existing_formal_observation__no_new_approval,"Provenance crosswalk only; source presence does not create a new event, alliance, causal claim, funding relation, or political stance."
HET_R9ST018,R9_FORMAL_STAGE,R9ST018,R9S011,r9_module_source,,沖縄県公報号外第2号・県民投票条例一部改正,https://www.pref.okinawa.jp/kenkouhou/H31/1gatsu/190131gogai2.pdf,E4,qa_verified,no,reused_existing_formal_observation__no_new_approval,"Provenance crosswalk only; source presence does not create a new event, alliance, causal claim, funding relation, or political stance."
HET_R9ST019,R9_FORMAL_STAGE,R9ST019,R9S012,r9_module_source,,辺野古新基地建設問題の経緯,https://www.pref.okinawa.jp/heiwakichi/futenma/1017409/1017427.html,E4,qa_verified,no,reused_existing_formal_observation__no_new_approval,"Provenance crosswalk only; source presence does not create a new event, alliance, causal claim, funding relation, or political stance."
HET_R9ST020,R9_FORMAL_STAGE,R9ST020,R9S012,r9_module_source,,辺野古新基地建設問題の経緯,https://www.pref.okinawa.jp/heiwakichi/futenma/1017409/1017427.html,E4,qa_verified,no,reused_existing_formal_observation__no_new_approval,"Provenance crosswalk only; source presence does not create a new event, alliance, causal claim, funding relation, or political stance."
HET_R9ST021,R9_FORMAL_STAGE,R9ST021,R9S015,r9_module_source,S137,石垣市住民投票実施義務付け等請求事件判決,https://www.courts.go.jp/assets/hanrei/hanrei-pdf-89731.pdf,E4,qa_verified,no,reused_existing_formal_observation__no_new_approval,"Provenance crosswalk only; source presence does not create a new event, alliance, causal claim, funding relation, or political stance."
HET_R9ST022,R9_FORMAL_STAGE,R9ST022,R9S015,r9_module_source,S137,石垣市住民投票実施義務付け等請求事件判決,https://www.courts.go.jp/assets/hanrei/hanrei-pdf-89731.pdf,E4,qa_verified,no,reused_existing_formal_observation__no_new_approval,"Provenance crosswalk only; source presence does not create a new event, alliance, causal claim, funding relation, or political stance."
HET_R9ST023,R9_FORMAL_STAGE,R9ST023,R9S014,r9_module_source,S138,陸上自衛隊配備計画の賛否を問う住民投票条例に係る議会審議結果,https://www.city.ishigaki.okinawa.jp/jieiteikannrenn/news/3615.html,E4,qa_verified,no,reused_existing_formal_observation__no_new_approval,"Provenance crosswalk only; source presence does not create a new event, alliance, causal claim, funding relation, or political stance."
HET_R9ST023,R9_FORMAL_STAGE,R9ST023,R9S023,r9_module_source,,令和元年第1回石垣市議会臨時会提出議案と議決結果,https://www.city.ishigaki.okinawa.jp/soshiki/gikai/teireikairinnjikai/teisyutugianntokekka/reiwagannnenndo/1310.html,E4,qa_verified,no,reused_existing_formal_observation__no_new_approval,"Provenance crosswalk only; source presence does not create a new event, alliance, causal claim, funding relation, or political stance."
HET_R9ST024,R9_FORMAL_STAGE,R9ST024,R9S024,r9_module_source,,令和元年第4回石垣市議会定例会提出議案と議決結果,https://www.city.ishigaki.okinawa.jp/soshiki/gikai/teireikairinnjikai/teisyutugianntokekka/reiwagannnenndo/1314.html,E4,qa_verified,no,reused_existing_formal_observation__no_new_approval,"Provenance crosswalk only; source presence does not create a new event, alliance, causal claim, funding relation, or political stance."
HET_R9ST025,R9_FORMAL_STAGE,R9ST025,R9S015,r9_module_source,S137,石垣市住民投票実施義務付け等請求事件判決,https://www.courts.go.jp/assets/hanrei/hanrei-pdf-89731.pdf,E4,qa_verified,no,reused_existing_formal_observation__no_new_approval,"Provenance crosswalk only; source presence does not create a new event, alliance, causal claim, funding relation, or political stance."
HET_R9ST025,R9_FORMAL_STAGE,R9ST025,R9S016,r9_module_source,,那覇地方裁判所特別保存事件一覧,https://www.courts.go.jp/naha/vc-files/naha/2024/chisai/minji/tokubetuhozon/R3kanketubunitiranhyou.pdf,E4,qa_verified,no,reused_existing_formal_observation__no_new_approval,"Provenance crosswalk only; source presence does not create a new event, alliance, causal claim, funding relation, or political stance."
HET_R9ST026,R9_FORMAL_STAGE,R9ST026,R9S015,r9_module_source,S137,石垣市住民投票実施義務付け等請求事件判決,https://www.courts.go.jp/assets/hanrei/hanrei-pdf-89731.pdf,E4,qa_verified,no,reused_existing_formal_observation__no_new_approval,"Provenance crosswalk only; source presence does not create a new event, alliance, causal claim, funding relation, or political stance."
HET_R9ST026,R9_FORMAL_STAGE,R9ST026,R9S016,r9_module_source,,那覇地方裁判所特別保存事件一覧,https://www.courts.go.jp/naha/vc-files/naha/2024/chisai/minji/tokubetuhozon/R3kanketubunitiranhyou.pdf,E4,qa_verified,no,reused_existing_formal_observation__no_new_approval,"Provenance crosswalk only; source presence does not create a new event, alliance, causal claim, funding relation, or political stance."
HET_R9ST029,R9_FORMAL_STAGE,R9ST029,R9S018,r9_module_source,,石垣市自治基本条例 これまでの見直し・改正,https://www.city.ishigaki.okinawa.jp/material/files/group/9/r71zitikihon_siryou1-3.pdf,E4,qa_verified,no,reused_existing_formal_observation__no_new_approval,"Provenance crosswalk only; source presence does not create a new event, alliance, causal claim, funding relation, or political stance."
HET_R9ST029,R9_FORMAL_STAGE,R9ST029,R9S025,r9_module_source,,令和3年第5回石垣市議会定例会議事日程,https://www.city.ishigaki.okinawa.jp/material/files/group/33/r3-6-28gijinittei.pdf,E4,qa_verified,no,reused_existing_formal_observation__no_new_approval,"Provenance crosswalk only; source presence does not create a new event, alliance, causal claim, funding relation, or political stance."
HET_R9R002,R9_FORMAL_ROLE,R9R002,R9S001,r9_module_source,,沖縄の米軍基地・基地問題の沿革（1997年部分）,https://www.pref.okinawa.jp/kititaisaku/DP-08-13.pdf,E4,qa_verified,no,reused_existing_formal_observation__no_new_approval,"Provenance crosswalk only; source presence does not create a new event, alliance, causal claim, funding relation, or political stance."
HET_R9R003,R9_FORMAL_ROLE,R9R003,R9S001,r9_module_source,,沖縄の米軍基地・基地問題の沿革（1997年部分）,https://www.pref.okinawa.jp/kititaisaku/DP-08-13.pdf,E4,qa_verified,no,reused_existing_formal_observation__no_new_approval,"Provenance crosswalk only; source presence does not create a new event, alliance, causal claim, funding relation, or political stance."
HET_R9R003,R9_FORMAL_ROLE,R9R003,R9S022,r9_module_source,,1997年12月21日名護市民投票結果,https://www.city.nago.okinawa.jp/kurashi/2018071901216/file_contents/19971221simintouhyou.xls,E4,qa_verified,no,reused_existing_formal_observation__no_new_approval,"Provenance crosswalk only; source presence does not create a new event, alliance, causal claim, funding relation, or political stance."
HET_R9R004,R9_FORMAL_ROLE,R9R004,R9S001,r9_module_source,,沖縄の米軍基地・基地問題の沿革（1997年部分）,https://www.pref.okinawa.jp/kititaisaku/DP-08-13.pdf,E4,qa_verified,no,reused_existing_formal_observation__no_new_approval,"Provenance crosswalk only; source presence does not create a new event, alliance, causal claim, funding relation, or political stance."
HET_R9R005,R9_FORMAL_ROLE,R9R005,R9S002,r9_module_source,S042,移設問題の動向（年表）,https://www.city.nago.okinawa.jp/kurashi/2018071900226/,E4,qa_verified,no,reused_existing_formal_observation__no_new_approval,"Provenance crosswalk only; source presence does not create a new event, alliance, causal claim, funding relation, or political stance."
HET_R9R009,R9_FORMAL_ROLE,R9R009,R9S005,r9_module_source,S071,与那国島への自衛隊基地建設の民意を問う住民投票条例,https://greenaccess.law.osaka-u.ac.jp/archives/7214,E3,qa_verified,no,reused_existing_formal_observation__no_new_approval,"Provenance crosswalk only; source presence does not create a new event, alliance, causal claim, funding relation, or political stance."
HET_R9R010,R9_FORMAL_ROLE,R9R010,R9S005,r9_module_source,S071,与那国島への自衛隊基地建設の民意を問う住民投票条例,https://greenaccess.law.osaka-u.ac.jp/archives/7214,E3,qa_verified,no,reused_existing_formal_observation__no_new_approval,"Provenance crosswalk only; source presence does not create a new event, alliance, causal claim, funding relation, or political stance."
HET_R9R011,R9_FORMAL_ROLE,R9R011,R9S006,r9_module_source,,平成27年度 与那国町施政方針,https://www.town.yonaguni.okinawa.jp/docs/2018041100076/file_contents/H27siseihousin.pdf,E4,qa_verified,no,reused_existing_formal_observation__no_new_approval,"Provenance crosswalk only; source presence does not create a new event, alliance, causal claim, funding relation, or political stance."
HET_R9R012,R9_FORMAL_ROLE,R9R012,R9S030,r9_module_source,,沖縄県議会軍特委員会記録 県民投票条例請求代表者参考人,https://www.pref.okinawa.jp/_res/projects/default_project/_page_/001/021/212/h301002gun-1.pdf,E4,qa_verified,no,reused_existing_formal_observation__no_new_approval,"Provenance crosswalk only; source presence does not create a new event, alliance, causal claim, funding relation, or political stance."
HET_R9R012,R9_FORMAL_ROLE,R9R012,R9S031,r9_module_source,,沖縄県公報号外第17号 条例制定請求代表者証明書,https://www.pref.okinawa.jp/kenkouhou/H30/5gatsu/180523gogai17.pdf,E4,qa_verified,no,reused_existing_formal_observation__no_new_approval,"Provenance crosswalk only; source presence does not create a new event, alliance, causal claim, funding relation, or political stance."
HET_R9R013,R9_FORMAL_ROLE,R9R013,R9S030,r9_module_source,,沖縄県議会軍特委員会記録 県民投票条例請求代表者参考人,https://www.pref.okinawa.jp/_res/projects/default_project/_page_/001/021/212/h301002gun-1.pdf,E4,qa_verified,no,reused_existing_formal_observation__no_new_approval,"Provenance crosswalk only; source presence does not create a new event, alliance, causal claim, funding relation, or political stance."
HET_R9R013,R9_FORMAL_ROLE,R9R013,R9S031,r9_module_source,,沖縄県公報号外第17号 条例制定請求代表者証明書,https://www.pref.okinawa.jp/kenkouhou/H30/5gatsu/180523gogai17.pdf,E4,qa_verified,no,reused_existing_formal_observation__no_new_approval,"Provenance crosswalk only; source presence does not create a new event, alliance, causal claim, funding relation, or political stance."
HET_R9R014,R9_FORMAL_ROLE,R9R014,R9S030,r9_module_source,,沖縄県議会軍特委員会記録 県民投票条例請求代表者参考人,https://www.pref.okinawa.jp/_res/projects/default_project/_page_/001/021/212/h301002gun-1.pdf,E4,qa_verified,no,reused_existing_formal_observation__no_new_approval,"Provenance crosswalk only; source presence does not create a new event, alliance, causal claim, funding relation, or political stance."
HET_R9R014,R9_FORMAL_ROLE,R9R014,R9S031,r9_module_source,,沖縄県公報号外第17号 条例制定請求代表者証明書,https://www.pref.okinawa.jp/kenkouhou/H30/5gatsu/180523gogai17.pdf,E4,qa_verified,no,reused_existing_formal_observation__no_new_approval,"Provenance crosswalk only; source presence does not create a new event, alliance, causal claim, funding relation, or political stance."
HET_R9R015,R9_FORMAL_ROLE,R9R015,R9S030,r9_module_source,,沖縄県議会軍特委員会記録 県民投票条例請求代表者参考人,https://www.pref.okinawa.jp/_res/projects/default_project/_page_/001/021/212/h301002gun-1.pdf,E4,qa_verified,no,reused_existing_formal_observation__no_new_approval,"Provenance crosswalk only; source presence does not create a new event, alliance, causal claim, funding relation, or political stance."
HET_R9R015,R9_FORMAL_ROLE,R9R015,R9S031,r9_module_source,,沖縄県公報号外第17号 条例制定請求代表者証明書,https://www.pref.okinawa.jp/kenkouhou/H30/5gatsu/180523gogai17.pdf,E4,qa_verified,no,reused_existing_formal_observation__no_new_approval,"Provenance crosswalk only; source presence does not create a new event, alliance, causal claim, funding relation, or political stance."
HET_R9R016,R9_FORMAL_ROLE,R9R016,R9S031,r9_module_source,,沖縄県公報号外第17号 条例制定請求代表者証明書,https://www.pref.okinawa.jp/kenkouhou/H30/5gatsu/180523gogai17.pdf,E4,qa_verified,no,reused_existing_formal_observation__no_new_approval,"Provenance crosswalk only; source presence does not create a new event, alliance, causal claim, funding relation, or political stance."
HET_R9R017,R9_FORMAL_ROLE,R9R017,R9S010,r9_module_source,,沖縄県公報号外第43号・県民投票条例第62号,https://www.pref.okinawa.jp/kenkouhou/H30/10gatsu/181031gogai43.pdf,E4,qa_verified,no,reused_existing_formal_observation__no_new_approval,"Provenance crosswalk only; source presence does not create a new event, alliance, causal claim, funding relation, or political stance."
HET_R9R017,R9_FORMAL_ROLE,R9R017,R9S011,r9_module_source,,沖縄県公報号外第2号・県民投票条例一部改正,https://www.pref.okinawa.jp/kenkouhou/H31/1gatsu/190131gogai2.pdf,E4,qa_verified,no,reused_existing_formal_observation__no_new_approval,"Provenance crosswalk only; source presence does not create a new event, alliance, causal claim, funding relation, or political stance."
HET_R9R018,R9_FORMAL_ROLE,R9R018,R9S012,r9_module_source,,辺野古新基地建設問題の経緯,https://www.pref.okinawa.jp/heiwakichi/futenma/1017409/1017427.html,E4,qa_verified,no,reused_existing_formal_observation__no_new_approval,"Provenance crosswalk only; source presence does not create a new event, alliance, causal claim, funding relation, or political stance."
HET_R9R019,R9_FORMAL_ROLE,R9R019,R9S013,r9_module_source,,沖縄県議会会議録・県民投票条例直接請求,https://www2.pref.okinawa.jp/oki/Gikairep1.nsf/GoZentai/20180703000000,E4,qa_verified,no,reused_existing_formal_observation__no_new_approval,"Provenance crosswalk only; source presence does not create a new event, alliance, causal claim, funding relation, or political stance."
HET_R9R019,R9_FORMAL_ROLE,R9R019,R9S012,r9_module_source,,辺野古新基地建設問題の経緯,https://www.pref.okinawa.jp/heiwakichi/futenma/1017409/1017427.html,E4,qa_verified,no,reused_existing_formal_observation__no_new_approval,"Provenance crosswalk only; source presence does not create a new event, alliance, causal claim, funding relation, or political stance."
HET_R9R021,R9_FORMAL_ROLE,R9R021,R9S015,r9_module_source,S137,石垣市住民投票実施義務付け等請求事件判決,https://www.courts.go.jp/assets/hanrei/hanrei-pdf-89731.pdf,E4,qa_verified,no,reused_existing_formal_observation__no_new_approval,"Provenance crosswalk only; source presence does not create a new event, alliance, causal claim, funding relation, or political stance."
HET_R9R022,R9_FORMAL_ROLE,R9R022,R9S015,r9_module_source,S137,石垣市住民投票実施義務付け等請求事件判決,https://www.courts.go.jp/assets/hanrei/hanrei-pdf-89731.pdf,E4,qa_verified,no,reused_existing_formal_observation__no_new_approval,"Provenance crosswalk only; source presence does not create a new event, alliance, causal claim, funding relation, or political stance."
HET_R9R022,R9_FORMAL_ROLE,R9R022,R9S023,r9_module_source,,令和元年第1回石垣市議会臨時会提出議案と議決結果,https://www.city.ishigaki.okinawa.jp/soshiki/gikai/teireikairinnjikai/teisyutugianntokekka/reiwagannnenndo/1310.html,E4,qa_verified,no,reused_existing_formal_observation__no_new_approval,"Provenance crosswalk only; source presence does not create a new event, alliance, causal claim, funding relation, or political stance."
HET_R9R023,R9_FORMAL_ROLE,R9R023,R9S024,r9_module_source,,令和元年第4回石垣市議会定例会提出議案と議決結果,https://www.city.ishigaki.okinawa.jp/soshiki/gikai/teireikairinnjikai/teisyutugianntokekka/reiwagannnenndo/1314.html,E4,qa_verified,no,reused_existing_formal_observation__no_new_approval,"Provenance crosswalk only; source presence does not create a new event, alliance, causal claim, funding relation, or political stance."
HET_R9R024,R9_FORMAL_ROLE,R9R024,R9S023,r9_module_source,,令和元年第1回石垣市議会臨時会提出議案と議決結果,https://www.city.ishigaki.okinawa.jp/soshiki/gikai/teireikairinnjikai/teisyutugianntokekka/reiwagannnenndo/1310.html,E4,qa_verified,no,reused_existing_formal_observation__no_new_approval,"Provenance crosswalk only; source presence does not create a new event, alliance, causal claim, funding relation, or political stance."
HET_R9R024,R9_FORMAL_ROLE,R9R024,R9S024,r9_module_source,,令和元年第4回石垣市議会定例会提出議案と議決結果,https://www.city.ishigaki.okinawa.jp/soshiki/gikai/teireikairinnjikai/teisyutugianntokekka/reiwagannnenndo/1314.html,E4,qa_verified,no,reused_existing_formal_observation__no_new_approval,"Provenance crosswalk only; source presence does not create a new event, alliance, causal claim, funding relation, or political stance."
HET_R9R024,R9_FORMAL_ROLE,R9R024,R9S025,r9_module_source,,令和3年第5回石垣市議会定例会議事日程,https://www.city.ishigaki.okinawa.jp/material/files/group/33/r3-6-28gijinittei.pdf,E4,qa_verified,no,reused_existing_formal_observation__no_new_approval,"Provenance crosswalk only; source presence does not create a new event, alliance, causal claim, funding relation, or political stance."
HET_R9R025,R9_FORMAL_ROLE,R9R025,R9S015,r9_module_source,S137,石垣市住民投票実施義務付け等請求事件判決,https://www.courts.go.jp/assets/hanrei/hanrei-pdf-89731.pdf,E4,qa_verified,no,reused_existing_formal_observation__no_new_approval,"Provenance crosswalk only; source presence does not create a new event, alliance, causal claim, funding relation, or political stance."
HET_R9R026,R9_FORMAL_ROLE,R9R026,R9S015,r9_module_source,S137,石垣市住民投票実施義務付け等請求事件判決,https://www.courts.go.jp/assets/hanrei/hanrei-pdf-89731.pdf,E4,qa_verified,no,reused_existing_formal_observation__no_new_approval,"Provenance crosswalk only; source presence does not create a new event, alliance, causal claim, funding relation, or political stance."
HET_R9R027,R9_FORMAL_ROLE,R9R027,R9S015,r9_module_source,S137,石垣市住民投票実施義務付け等請求事件判決,https://www.courts.go.jp/assets/hanrei/hanrei-pdf-89731.pdf,E4,qa_verified,no,reused_existing_formal_observation__no_new_approval,"Provenance crosswalk only; source presence does not create a new event, alliance, causal claim, funding relation, or political stance."
HET_R9R027,R9_FORMAL_ROLE,R9R027,R9S016,r9_module_source,,那覇地方裁判所特別保存事件一覧,https://www.courts.go.jp/naha/vc-files/naha/2024/chisai/minji/tokubetuhozon/R3kanketubunitiranhyou.pdf,E4,qa_verified,no,reused_existing_formal_observation__no_new_approval,"Provenance crosswalk only; source presence does not create a new event, alliance, causal claim, funding relation, or political stance."
HET_R9R028,R9_FORMAL_ROLE,R9R028,R9S026,r9_module_source,,福岡高等裁判所特別保存事件一覧,https://www.courts.go.jp/fukuoka-h/vc-files/fukuoka-h/reiwa7.pdf,E4,qa_verified,no,reused_existing_formal_observation__no_new_approval,"Provenance crosswalk only; source presence does not create a new event, alliance, causal claim, funding relation, or political stance."
HET_R9R032,R9_FORMAL_ROLE,R9R032,R9S027,r9_module_source,,令和5年行コ第6号判決,https://www.call4.jp/file/pdf/202407/5f499d29696072751d0d60cc3a9077f5.pdf,E3,needs_human_review,no,reused_existing_formal_observation__no_new_approval,"Provenance crosswalk only; source presence does not create a new event, alliance, causal claim, funding relation, or political stance."
HET_R9R033,R9_FORMAL_ROLE,R9R033,R9S026,r9_module_source,,福岡高等裁判所特別保存事件一覧,https://www.courts.go.jp/fukuoka-h/vc-files/fukuoka-h/reiwa7.pdf,E4,qa_verified,no,reused_existing_formal_observation__no_new_approval,"Provenance crosswalk only; source presence does not create a new event, alliance, causal claim, funding relation, or political stance."
HET_R9R033,R9_FORMAL_ROLE,R9R033,R9S027,r9_module_source,,令和5年行コ第6号判決,https://www.call4.jp/file/pdf/202407/5f499d29696072751d0d60cc3a9077f5.pdf,E3,needs_human_review,no,reused_existing_formal_observation__no_new_approval,"Provenance crosswalk only; source presence does not create a new event, alliance, causal claim, funding relation, or political stance."
HET_R10R017,R10_HUMAN_RELATION,R10R017,S095,main_source,S095,特定非営利活動法人 沖縄NGOセンター（ONC）公式サイト,https://www.oki-ngo.org/,E4,ai_seeded,no,reused_existing_formal_observation__no_new_approval,"Provenance crosswalk only; source presence does not create a new event, alliance, causal claim, funding relation, or political stance."
HET_R10R019,R10_HUMAN_RELATION,R10R019,S097,main_source,S097,USO Okinawa Sponsors page,https://okinawa.uso.org/sponsors,E4,ai_seeded,no,reused_existing_formal_observation__no_new_approval,"Provenance crosswalk only; source presence does not create a new event, alliance, causal claim, funding relation, or political stance."
HET_R10R019,R10_HUMAN_RELATION,R10R019,S098,main_source,S098,AEC $16000 donation and center refresh to USO Okinawa,https://okinawa.stripes.com/community-news/american-engineering-corporation-uso-okinawa.html,E4,ai_seeded,no,reused_existing_formal_observation__no_new_approval,"Provenance crosswalk only; source presence does not create a new event, alliance, causal claim, funding relation, or political stance."
HET_R10R022,R10_HUMAN_RELATION,R10R022,S053,main_source,S053,OESC donates $3250 to USO Okinawa,https://okinawa.stripes.com/community-news/okinawa-enlisted-spouses-club-uso-okinawa.html,E4,verified,no,reused_existing_formal_observation__no_new_approval,"Provenance crosswalk only; source presence does not create a new event, alliance, causal claim, funding relation, or political stance."
HET_R10R023,R10_HUMAN_RELATION,R10R023,S077,main_source,S077,USO Okinawa AWWA grant to USO Kinser,https://okinawa.uso.org/stories/81,E3,human_verified,no,reused_existing_formal_observation__no_new_approval,"Provenance crosswalk only; source presence does not create a new event, alliance, causal claim, funding relation, or political stance."
HET_R10R024,R10_HUMAN_RELATION,R10R024,S041,main_source,S041,AWWA / OESC / NOSCO official sites and DVIDS reports,https://okinawahai.com/american-womens-welfare-association/,E4,verified,no,reused_existing_formal_observation__no_new_approval,"Provenance crosswalk only; source presence does not create a new event, alliance, causal claim, funding relation, or political stance."
HET_R10R024,R10_HUMAN_RELATION,R10R024,S055,main_source,S055,NOSCO AWWA page,https://nosco.wildapricot.org/awwa,E4,verified,no,reused_existing_formal_observation__no_new_approval,"Provenance crosswalk only; source presence does not create a new event, alliance, causal claim, funding relation, or political stance."
HET_R10R024,R10_HUMAN_RELATION,R10R024,S072,main_source,S072,DVIDS American Women's Welfare Association celebrates 40 years,https://www.dvidshub.net/news/87854/american-womens-welfare-association-celebrates-40-years,E3,human_verified,no,reused_existing_formal_observation__no_new_approval,"Provenance crosswalk only; source presence does not create a new event, alliance, causal claim, funding relation, or political stance."
HET_R10R025,R10_HUMAN_RELATION,R10R025,S041,main_source,S041,AWWA / OESC / NOSCO official sites and DVIDS reports,https://okinawahai.com/american-womens-welfare-association/,E4,verified,no,reused_existing_formal_observation__no_new_approval,"Provenance crosswalk only; source presence does not create a new event, alliance, causal claim, funding relation, or political stance."
HET_R10R025,R10_HUMAN_RELATION,R10R025,S055,main_source,S055,NOSCO AWWA page,https://nosco.wildapricot.org/awwa,E4,verified,no,reused_existing_formal_observation__no_new_approval,"Provenance crosswalk only; source presence does not create a new event, alliance, causal claim, funding relation, or political stance."
HET_R10R025,R10_HUMAN_RELATION,R10R025,S072,main_source,S072,DVIDS American Women's Welfare Association celebrates 40 years,https://www.dvidshub.net/news/87854/american-womens-welfare-association-celebrates-40-years,E3,human_verified,no,reused_existing_formal_observation__no_new_approval,"Provenance crosswalk only; source presence does not create a new event, alliance, causal claim, funding relation, or political stance."
HET_R10R025,R10_HUMAN_RELATION,R10R025,S075,main_source,S075,Kadena Officers' Spouses' Club charity page,https://www.kadenaofficersspousesclub.com/charity,E4,human_verified,no,reused_existing_formal_observation__no_new_approval,"Provenance crosswalk only; source presence does not create a new event, alliance, causal claim, funding relation, or political stance."
HET_R10R026,R10_HUMAN_RELATION,R10R026,S041,main_source,S041,AWWA / OESC / NOSCO official sites and DVIDS reports,https://okinawahai.com/american-womens-welfare-association/,E4,verified,no,reused_existing_formal_observation__no_new_approval,"Provenance crosswalk only; source presence does not create a new event, alliance, causal claim, funding relation, or political stance."
HET_R10R026,R10_HUMAN_RELATION,R10R026,S055,main_source,S055,NOSCO AWWA page,https://nosco.wildapricot.org/awwa,E4,verified,no,reused_existing_formal_observation__no_new_approval,"Provenance crosswalk only; source presence does not create a new event, alliance, causal claim, funding relation, or political stance."
HET_R10R027,R10_HUMAN_RELATION,R10R027,S041,main_source,S041,AWWA / OESC / NOSCO official sites and DVIDS reports,https://okinawahai.com/american-womens-welfare-association/,E4,verified,no,reused_existing_formal_observation__no_new_approval,"Provenance crosswalk only; source presence does not create a new event, alliance, causal claim, funding relation, or political stance."
HET_R10R027,R10_HUMAN_RELATION,R10R027,S055,main_source,S055,NOSCO AWWA page,https://nosco.wildapricot.org/awwa,E4,verified,no,reused_existing_formal_observation__no_new_approval,"Provenance crosswalk only; source presence does not create a new event, alliance, causal claim, funding relation, or political stance."
HET_R10R027,R10_HUMAN_RELATION,R10R027,S079,main_source,S079,MOSCO official site,https://www.moscoki.com/,E4,human_verified,no,reused_existing_formal_observation__no_new_approval,"Provenance crosswalk only; source presence does not create a new event, alliance, causal claim, funding relation, or political stance."
HET_R10R035,R10_HUMAN_RELATION,R10R035,S056,main_source,S056,U.S. Consulate Naha Okinawa Youth Council NOFO PDF,https://jp.usembassy.gov/wp-content/uploads/sites/7/2024/05/nofo-2024-naha-pas-02-okinawa-youth-council-e.pdf,E4,verified,no,reused_existing_formal_observation__no_new_approval,"Provenance crosswalk only; source presence does not create a new event, alliance, causal claim, funding relation, or political stance."
HET_R10R035,R10_HUMAN_RELATION,R10R035,S082,main_source,S082,Grants.gov Okinawa Youth Council Program opportunity,https://www.grants.gov/search-results-detail/351830,E4,human_verified,no,reused_existing_formal_observation__no_new_approval,"Provenance crosswalk only; source presence does not create a new event, alliance, causal claim, funding relation, or political stance."
HET_R10R035,R10_HUMAN_RELATION,R10R035,S083,main_source,S083,FederalGrants Okinawa Youth Council Program listing,https://www.federalgrants.com/Okinawa-Youth-Council-Program-98421.html,E3,human_verified,no,reused_existing_formal_observation__no_new_approval,"Provenance crosswalk only; source presence does not create a new event, alliance, causal claim, funding relation, or political stance."
HET_R10R035,R10_HUMAN_RELATION,R10R035,S084,main_source,S084,GrantedAI Okinawa Youth Council Program expired listing,https://grantedai.com/grants/okinawa-youth-council-program-u-s-mission-to-japan-d2b756a3,E2,human_verified,no,reused_existing_formal_observation__no_new_approval,"Provenance crosswalk only; source presence does not create a new event, alliance, causal claim, funding relation, or political stance."
