response_code,jurisdiction,minimum_evidence_to_code,meaning,reportable_as_visibility_result,not_equivalent_to,next_action
submitted,US_or_Japan,"saved exact request plus timestamp/receipt","Request was formally delivered.","A defined public-record test has begun.","Agency possession, disclosure, or substantive support.","Wait for acknowledgement; preserve tracking number."
acknowledged,US_or_Japan,"case number/receipt number or written acknowledgement","Agency accepted/registered the request.","The request entered this agency's process.","Responsive records found.","Record stated custodian and due/extension date."
fee_estimate_or_scope_consultation,US_or_Japan,"written estimate or consultation note tied to request","Agency seeks fee commitment, clarification or narrowing.","Current scope exceeds routine processing or needs clarification.","Denial, refusal, or absence of records.","Preserve original scope, estimate and negotiated revision; record change note."
referral_or_transfer,US_or_Japan,"written referral/transfer/custody notice","Named agency says another unit may control all or part of the records.","The declared custodian did not fully control the requested record family.","No records exist across government.","Open a new request only after recording destination and retained scope."
not_held_or_no_records,US_or_Japan,"formal written no-record/not-held determination with custodian/period/scope","Agency did not locate responsive held records after processing the stated request.","At this agency, period and described record layer, no responsive held record was located.","Underlying transaction, service, allocation or document elsewhere does not exist.","Check adequacy/custody wording; consider appeal or retarget only by new decision."
partial_release,US_or_Japan,"released file plus redaction/partial-disclosure notice and cited basis","Some responsive material released and some withheld/redacted.","This record layer is partly visible under stated exemptions/grounds.","Hidden portion proves a specific fact or motive.","Code released fields separately; retain grounds/page scope; consider segregability/appeal decision."
full_withholding_or_non_disclosure,US_or_Japan,"formal denial/non-disclosure decision with statutory exemption/ground","Agency withheld responsive record(s) or declined disclosure under cited rule.","This record layer is unavailable through this request route under stated grounds.","No record exists; the content proves wrongdoing or secrecy motive.","Preserve decision; consider administrative appeal only after principal decision."
administrative_closure,US_or_Japan,"written closure due to fee/nonresponse/insufficient description/other procedural cause","Request ended without a substantive custodian search or release.","The selected request did not produce a completed visibility test.","No responsive record exists.","Reopen only with documented revised scope/fee decision."
pending_or_extended,US_or_Japan,"acknowledgement/extension notice","No final availability result yet.","Procedural status only.","Refusal, release, or lack of records.","Update ledger and wait; do not use in findings."
